Design Name,SKU,Source ZIP,Source Image,Role,Sequence,Original Storage Path,Thumbnail Storage Path,Local Thumbnail
ADIGE CREMA,VIT-60120-8.50-GLO-MAR-WHIT-066,glossy 1.zip,glossy 1/ADIGE CREMA/ADIGE CREMA_R1.jpg,room,1,products/glossy/vit-60120-8-50-glo-mar-whit-066/originals/ADIGE CREMA_R1.jpg,products/glossy/vit-60120-8-50-glo-mar-whit-066/thumbnails/adige-crema-r1.webp,thumbnails/vit-60120-8-50-glo-mar-whit-066/adige-crema-r1.webp
ADIGE CREMA,VIT-60120-8.50-GLO-MAR-WHIT-066,glossy 1.zip,glossy 1/ADIGE CREMA/ADIGE CREMA_R2.jpg,room,2,products/glossy/vit-60120-8-50-glo-mar-whit-066/originals/ADIGE CREMA_R2.jpg,products/glossy/vit-60120-8-50-glo-mar-whit-066/thumbnails/adige-crema-r2.webp,thumbnails/vit-60120-8-50-glo-mar-whit-066/adige-crema-r2.webp
ADIGE CREMA,VIT-60120-8.50-GLO-MAR-WHIT-066,glossy 1.zip,glossy 1/ADIGE CREMA/ADIGE CREMA_R3.jpg,room,3,products/glossy/vit-60120-8-50-glo-mar-whit-066/originals/ADIGE CREMA_R3.jpg,products/glossy/vit-60120-8-50-glo-mar-whit-066/thumbnails/adige-crema-r3.webp,thumbnails/vit-60120-8-50-glo-mar-whit-066/adige-crema-r3.webp
ADIGE CREMA,VIT-60120-8.50-GLO-MAR-WHIT-066,glossy 1.zip,glossy 1/ADIGE CREMA/ADIGE CREMA_R4.jpg,room,4,products/glossy/vit-60120-8-50-glo-mar-whit-066/originals/ADIGE CREMA_R4.jpg,products/glossy/vit-60120-8-50-glo-mar-whit-066/thumbnails/adige-crema-r4.webp,thumbnails/vit-60120-8-50-glo-mar-whit-066/adige-crema-r4.webp
ADIGE GREY,VIT-60120-8.50-GLO-MAR-WHIT-067,glossy 1.zip,glossy 1/ADIGE GREY/ADIGE GREY_R1.jpg,room,1,products/glossy/vit-60120-8-50-glo-mar-whit-067/originals/ADIGE GREY_R1.jpg,products/glossy/vit-60120-8-50-glo-mar-whit-067/thumbnails/adige-grey-r1.webp,thumbnails/vit-60120-8-50-glo-mar-whit-067/adige-grey-r1.webp
ADIGE GREY,VIT-60120-8.50-GLO-MAR-WHIT-067,glossy 1.zip,glossy 1/ADIGE GREY/ADIGE GREY_R2.jpg,room,2,products/glossy/vit-60120-8-50-glo-mar-whit-067/originals/ADIGE GREY_R2.jpg,products/glossy/vit-60120-8-50-glo-mar-whit-067/thumbnails/adige-grey-r2.webp,thumbnails/vit-60120-8-50-glo-mar-whit-067/adige-grey-r2.webp
ADIGE GREY,VIT-60120-8.50-GLO-MAR-WHIT-067,glossy 1.zip,glossy 1/ADIGE GREY/ADIGE GREY_R3.jpg,room,3,products/glossy/vit-60120-8-50-glo-mar-whit-067/originals/ADIGE GREY_R3.jpg,products/glossy/vit-60120-8-50-glo-mar-whit-067/thumbnails/adige-grey-r3.webp,thumbnails/vit-60120-8-50-glo-mar-whit-067/adige-grey-r3.webp
ADIGE GREY,VIT-60120-8.50-GLO-MAR-WHIT-067,glossy 1.zip,glossy 1/ADIGE GREY/ADIGE GREY_R4.jpg,room,4,products/glossy/vit-60120-8-50-glo-mar-whit-067/originals/ADIGE GREY_R4.jpg,products/glossy/vit-60120-8-50-glo-mar-whit-067/thumbnails/adige-grey-r4.webp,thumbnails/vit-60120-8-50-glo-mar-whit-067/adige-grey-r4.webp
ADIGE LUREL,VIT-60120-8.50-GLO-MAR-WHIT-068,glossy 1.zip,glossy 1/ADIGE LUREL/ADIGE LUREL_R1.jpg,room,1,products/glossy/vit-60120-8-50-glo-mar-whit-068/originals/ADIGE LUREL_R1.jpg,products/glossy/vit-60120-8-50-glo-mar-whit-068/thumbnails/adige-lurel-r1.webp,thumbnails/vit-60120-8-50-glo-mar-whit-068/adige-lurel-r1.webp
ADIGE LUREL,VIT-60120-8.50-GLO-MAR-WHIT-068,glossy 1.zip,glossy 1/ADIGE LUREL/ADIGE LUREL_R2.jpg,room,2,products/glossy/vit-60120-8-50-glo-mar-whit-068/originals/ADIGE LUREL_R2.jpg,products/glossy/vit-60120-8-50-glo-mar-whit-068/thumbnails/adige-lurel-r2.webp,thumbnails/vit-60120-8-50-glo-mar-whit-068/adige-lurel-r2.webp
ADIGE LUREL,VIT-60120-8.50-GLO-MAR-WHIT-068,glossy 1.zip,glossy 1/ADIGE LUREL/ADIGE LUREL_R3.jpg,room,3,products/glossy/vit-60120-8-50-glo-mar-whit-068/originals/ADIGE LUREL_R3.jpg,products/glossy/vit-60120-8-50-glo-mar-whit-068/thumbnails/adige-lurel-r3.webp,thumbnails/vit-60120-8-50-glo-mar-whit-068/adige-lurel-r3.webp
ADIGE LUREL,VIT-60120-8.50-GLO-MAR-WHIT-068,glossy 1.zip,glossy 1/ADIGE LUREL/ADIGE LUREL_R4.jpg,room,4,products/glossy/vit-60120-8-50-glo-mar-whit-068/originals/ADIGE LUREL_R4.jpg,products/glossy/vit-60120-8-50-glo-mar-whit-068/thumbnails/adige-lurel-r4.webp,thumbnails/vit-60120-8-50-glo-mar-whit-068/adige-lurel-r4.webp
ADIGE MINK,VIT-60120-8.50-GLO-MAR-WHIT-069,glossy 1.zip,glossy 1/ADIGE MINK/ADIGE MINK_R1.jpg,room,1,products/glossy/vit-60120-8-50-glo-mar-whit-069/originals/ADIGE MINK_R1.jpg,products/glossy/vit-60120-8-50-glo-mar-whit-069/thumbnails/adige-mink-r1.webp,thumbnails/vit-60120-8-50-glo-mar-whit-069/adige-mink-r1.webp
ADIGE MINK,VIT-60120-8.50-GLO-MAR-WHIT-069,glossy 1.zip,glossy 1/ADIGE MINK/ADIGE MINK_R2.jpg,room,2,products/glossy/vit-60120-8-50-glo-mar-whit-069/originals/ADIGE MINK_R2.jpg,products/glossy/vit-60120-8-50-glo-mar-whit-069/thumbnails/adige-mink-r2.webp,thumbnails/vit-60120-8-50-glo-mar-whit-069/adige-mink-r2.webp
ADIGE MINK,VIT-60120-8.50-GLO-MAR-WHIT-069,glossy 1.zip,glossy 1/ADIGE MINK/ADIGE MINK_R3.jpg,room,3,products/glossy/vit-60120-8-50-glo-mar-whit-069/originals/ADIGE MINK_R3.jpg,products/glossy/vit-60120-8-50-glo-mar-whit-069/thumbnails/adige-mink-r3.webp,thumbnails/vit-60120-8-50-glo-mar-whit-069/adige-mink-r3.webp
ADIGE MINK,VIT-60120-8.50-GLO-MAR-WHIT-069,glossy 1.zip,glossy 1/ADIGE MINK/ADIGE MINK_R4.jpg,room,4,products/glossy/vit-60120-8-50-glo-mar-whit-069/originals/ADIGE MINK_R4.jpg,products/glossy/vit-60120-8-50-glo-mar-whit-069/thumbnails/adige-mink-r4.webp,thumbnails/vit-60120-8-50-glo-mar-whit-069/adige-mink-r4.webp
ALBANION BROWN,VIT-60120-8.50-GLO-MAR-WHIT-070,glossy 1.zip,glossy 1/ALBANION BROWN/ALBANION BROWN_R1.jpg,room,1,products/glossy/vit-60120-8-50-glo-mar-whit-070/originals/ALBANION BROWN_R1.jpg,products/glossy/vit-60120-8-50-glo-mar-whit-070/thumbnails/albanion-brown-r1.webp,thumbnails/vit-60120-8-50-glo-mar-whit-070/albanion-brown-r1.webp
ALBANION BROWN,VIT-60120-8.50-GLO-MAR-WHIT-070,glossy 1.zip,glossy 1/ALBANION BROWN/ALBANION_BROWN_R2.jpg,room,2,products/glossy/vit-60120-8-50-glo-mar-whit-070/originals/ALBANION_BROWN_R2.jpg,products/glossy/vit-60120-8-50-glo-mar-whit-070/thumbnails/albanion-brown-r2.webp,thumbnails/vit-60120-8-50-glo-mar-whit-070/albanion-brown-r2.webp
ALBANION BROWN,VIT-60120-8.50-GLO-MAR-WHIT-070,glossy 1.zip,glossy 1/ALBANION BROWN/ALBANION_BROWN_R3.jpg,room,3,products/glossy/vit-60120-8-50-glo-mar-whit-070/originals/ALBANION_BROWN_R3.jpg,products/glossy/vit-60120-8-50-glo-mar-whit-070/thumbnails/albanion-brown-r3.webp,thumbnails/vit-60120-8-50-glo-mar-whit-070/albanion-brown-r3.webp
ALBANION BROWN,VIT-60120-8.50-GLO-MAR-WHIT-070,glossy 1.zip,glossy 1/ALBANION BROWN/ALBANION_BROWN_R4.jpg,room,4,products/glossy/vit-60120-8-50-glo-mar-whit-070/originals/ALBANION_BROWN_R4.jpg,products/glossy/vit-60120-8-50-glo-mar-whit-070/thumbnails/albanion-brown-r4.webp,thumbnails/vit-60120-8-50-glo-mar-whit-070/albanion-brown-r4.webp
ALBANION BROWN,VIT-60120-8.50-GLO-MAR-WHIT-070,glossy 1.zip,glossy 1/ALBANION BROWN/ALBANION_BROWN_R5.jpg,room,5,products/glossy/vit-60120-8-50-glo-mar-whit-070/originals/ALBANION_BROWN_R5.jpg,products/glossy/vit-60120-8-50-glo-mar-whit-070/thumbnails/albanion-brown-r5.webp,thumbnails/vit-60120-8-50-glo-mar-whit-070/albanion-brown-r5.webp
ALBANION CREMA,VIT-60120-8.50-GLO-MAR-WHIT-071,glossy 1.zip,glossy 1/ALBANION CREMA/ALBANION CREMA_R1.jpg,room,1,products/glossy/vit-60120-8-50-glo-mar-whit-071/originals/ALBANION CREMA_R1.jpg,products/glossy/vit-60120-8-50-glo-mar-whit-071/thumbnails/albanion-crema-r1.webp,thumbnails/vit-60120-8-50-glo-mar-whit-071/albanion-crema-r1.webp
ALBANION CREMA,VIT-60120-8.50-GLO-MAR-WHIT-071,glossy 1.zip,glossy 1/ALBANION CREMA/ALBANION_CREMA_R2.jpg,room,2,products/glossy/vit-60120-8-50-glo-mar-whit-071/originals/ALBANION_CREMA_R2.jpg,products/glossy/vit-60120-8-50-glo-mar-whit-071/thumbnails/albanion-crema-r2.webp,thumbnails/vit-60120-8-50-glo-mar-whit-071/albanion-crema-r2.webp
ALBANION CREMA,VIT-60120-8.50-GLO-MAR-WHIT-071,glossy 1.zip,glossy 1/ALBANION CREMA/ALBANION_CREMA_R3.jpg,room,3,products/glossy/vit-60120-8-50-glo-mar-whit-071/originals/ALBANION_CREMA_R3.jpg,products/glossy/vit-60120-8-50-glo-mar-whit-071/thumbnails/albanion-crema-r3.webp,thumbnails/vit-60120-8-50-glo-mar-whit-071/albanion-crema-r3.webp
ALBANION CREMA,VIT-60120-8.50-GLO-MAR-WHIT-071,glossy 1.zip,glossy 1/ALBANION CREMA/ALBANION_CREMA_R4.jpg,room,4,products/glossy/vit-60120-8-50-glo-mar-whit-071/originals/ALBANION_CREMA_R4.jpg,products/glossy/vit-60120-8-50-glo-mar-whit-071/thumbnails/albanion-crema-r4.webp,thumbnails/vit-60120-8-50-glo-mar-whit-071/albanion-crema-r4.webp
ALBANION CREMA,VIT-60120-8.50-GLO-MAR-WHIT-071,glossy 1.zip,glossy 1/ALBANION CREMA/ALBANION_CREMA_R5.jpg,room,5,products/glossy/vit-60120-8-50-glo-mar-whit-071/originals/ALBANION_CREMA_R5.jpg,products/glossy/vit-60120-8-50-glo-mar-whit-071/thumbnails/albanion-crema-r5.webp,thumbnails/vit-60120-8-50-glo-mar-whit-071/albanion-crema-r5.webp
ALBANION IRON,VIT-60120-8.50-GLO-MAR-WHIT-072,glossy 1.zip,glossy 1/ALBANION IRON/ALBANION IRON_R1.jpg,room,1,products/glossy/vit-60120-8-50-glo-mar-whit-072/originals/ALBANION IRON_R1.jpg,products/glossy/vit-60120-8-50-glo-mar-whit-072/thumbnails/albanion-iron-r1.webp,thumbnails/vit-60120-8-50-glo-mar-whit-072/albanion-iron-r1.webp
ALBANION IRON,VIT-60120-8.50-GLO-MAR-WHIT-072,glossy 1.zip,glossy 1/ALBANION IRON/ALBANION_IRON_R2.jpg,room,2,products/glossy/vit-60120-8-50-glo-mar-whit-072/originals/ALBANION_IRON_R2.jpg,products/glossy/vit-60120-8-50-glo-mar-whit-072/thumbnails/albanion-iron-r2.webp,thumbnails/vit-60120-8-50-glo-mar-whit-072/albanion-iron-r2.webp
ALBANION IRON,VIT-60120-8.50-GLO-MAR-WHIT-072,glossy 1.zip,glossy 1/ALBANION IRON/ALBANION_IRON_R3.jpg,room,3,products/glossy/vit-60120-8-50-glo-mar-whit-072/originals/ALBANION_IRON_R3.jpg,products/glossy/vit-60120-8-50-glo-mar-whit-072/thumbnails/albanion-iron-r3.webp,thumbnails/vit-60120-8-50-glo-mar-whit-072/albanion-iron-r3.webp
ALBANION IRON,VIT-60120-8.50-GLO-MAR-WHIT-072,glossy 1.zip,glossy 1/ALBANION IRON/ALBANION_IRON_R4.jpg,room,4,products/glossy/vit-60120-8-50-glo-mar-whit-072/originals/ALBANION_IRON_R4.jpg,products/glossy/vit-60120-8-50-glo-mar-whit-072/thumbnails/albanion-iron-r4.webp,thumbnails/vit-60120-8-50-glo-mar-whit-072/albanion-iron-r4.webp
ALBANION IRON,VIT-60120-8.50-GLO-MAR-WHIT-072,glossy 1.zip,glossy 1/ALBANION IRON/ALBANION_IRON_R5.jpg,room,5,products/glossy/vit-60120-8-50-glo-mar-whit-072/originals/ALBANION_IRON_R5.jpg,products/glossy/vit-60120-8-50-glo-mar-whit-072/thumbnails/albanion-iron-r5.webp,thumbnails/vit-60120-8-50-glo-mar-whit-072/albanion-iron-r5.webp
ALBANION PLATINUM,VIT-60120-8.50-GLO-MAR-WHIT-073,glossy 1.zip,glossy 1/ALBANION PLATINUM/ALBANION PLATINUM_R1.jpg,room,1,products/glossy/vit-60120-8-50-glo-mar-whit-073/originals/ALBANION PLATINUM_R1.jpg,products/glossy/vit-60120-8-50-glo-mar-whit-073/thumbnails/albanion-platinum-r1.webp,thumbnails/vit-60120-8-50-glo-mar-whit-073/albanion-platinum-r1.webp
ALBANION PLATINUM,VIT-60120-8.50-GLO-MAR-WHIT-073,glossy 1.zip,glossy 1/ALBANION PLATINUM/ALBANION_PLATINUM_R2.jpg,room,2,products/glossy/vit-60120-8-50-glo-mar-whit-073/originals/ALBANION_PLATINUM_R2.jpg,products/glossy/vit-60120-8-50-glo-mar-whit-073/thumbnails/albanion-platinum-r2.webp,thumbnails/vit-60120-8-50-glo-mar-whit-073/albanion-platinum-r2.webp
ALBANION PLATINUM,VIT-60120-8.50-GLO-MAR-WHIT-073,glossy 1.zip,glossy 1/ALBANION PLATINUM/ALBANION_PLATINUM_R3.jpg,room,3,products/glossy/vit-60120-8-50-glo-mar-whit-073/originals/ALBANION_PLATINUM_R3.jpg,products/glossy/vit-60120-8-50-glo-mar-whit-073/thumbnails/albanion-platinum-r3.webp,thumbnails/vit-60120-8-50-glo-mar-whit-073/albanion-platinum-r3.webp
ALBANION PLATINUM,VIT-60120-8.50-GLO-MAR-WHIT-073,glossy 1.zip,glossy 1/ALBANION PLATINUM/ALBANION_PLATINUM_R4.jpg,room,4,products/glossy/vit-60120-8-50-glo-mar-whit-073/originals/ALBANION_PLATINUM_R4.jpg,products/glossy/vit-60120-8-50-glo-mar-whit-073/thumbnails/albanion-platinum-r4.webp,thumbnails/vit-60120-8-50-glo-mar-whit-073/albanion-platinum-r4.webp
ALBANION PLATINUM,VIT-60120-8.50-GLO-MAR-WHIT-073,glossy 1.zip,glossy 1/ALBANION PLATINUM/ALBANION_PLATINUM_R5.jpg,room,5,products/glossy/vit-60120-8-50-glo-mar-whit-073/originals/ALBANION_PLATINUM_R5.jpg,products/glossy/vit-60120-8-50-glo-mar-whit-073/thumbnails/albanion-platinum-r5.webp,thumbnails/vit-60120-8-50-glo-mar-whit-073/albanion-platinum-r5.webp
AMARO CREAM,VIT-60120-8.50-GLO-MAR-WHIT-074,glossy 1.zip,glossy 1/AMARO CREAM/AMARO CREAM_R1.jpg,room,1,products/glossy/vit-60120-8-50-glo-mar-whit-074/originals/AMARO CREAM_R1.jpg,products/glossy/vit-60120-8-50-glo-mar-whit-074/thumbnails/amaro-cream-r1.webp,thumbnails/vit-60120-8-50-glo-mar-whit-074/amaro-cream-r1.webp
AMARO CREAM,VIT-60120-8.50-GLO-MAR-WHIT-074,glossy 1.zip,glossy 1/AMARO CREAM/AMARO CREAM_R2.jpg,room,2,products/glossy/vit-60120-8-50-glo-mar-whit-074/originals/AMARO CREAM_R2.jpg,products/glossy/vit-60120-8-50-glo-mar-whit-074/thumbnails/amaro-cream-r2.webp,thumbnails/vit-60120-8-50-glo-mar-whit-074/amaro-cream-r2.webp
AMARO CREAM,VIT-60120-8.50-GLO-MAR-WHIT-074,glossy 1.zip,glossy 1/AMARO CREAM/AMARO CREAM_R3.jpg,room,3,products/glossy/vit-60120-8-50-glo-mar-whit-074/originals/AMARO CREAM_R3.jpg,products/glossy/vit-60120-8-50-glo-mar-whit-074/thumbnails/amaro-cream-r3.webp,thumbnails/vit-60120-8-50-glo-mar-whit-074/amaro-cream-r3.webp
AMARO CREAM,VIT-60120-8.50-GLO-MAR-WHIT-074,glossy 1.zip,glossy 1/AMARO CREAM/AMARO CREAM_R4.jpg,room,4,products/glossy/vit-60120-8-50-glo-mar-whit-074/originals/AMARO CREAM_R4.jpg,products/glossy/vit-60120-8-50-glo-mar-whit-074/thumbnails/amaro-cream-r4.webp,thumbnails/vit-60120-8-50-glo-mar-whit-074/amaro-cream-r4.webp
AMARO CREAM,VIT-60120-8.50-GLO-MAR-WHIT-074,glossy 1.zip,glossy 1/AMARO CREAM/AMARO CREAM_R5.jpg,room,5,products/glossy/vit-60120-8-50-glo-mar-whit-074/originals/AMARO CREAM_R5.jpg,products/glossy/vit-60120-8-50-glo-mar-whit-074/thumbnails/amaro-cream-r5.webp,thumbnails/vit-60120-8-50-glo-mar-whit-074/amaro-cream-r5.webp
AMARO CREAM,VIT-60120-8.50-GLO-MAR-WHIT-074,glossy 1.zip,glossy 1/AMARO CREAM/AMARO CREAM_R6.jpg,room,6,products/glossy/vit-60120-8-50-glo-mar-whit-074/originals/AMARO CREAM_R6.jpg,products/glossy/vit-60120-8-50-glo-mar-whit-074/thumbnails/amaro-cream-r6.webp,thumbnails/vit-60120-8-50-glo-mar-whit-074/amaro-cream-r6.webp
AMIGO SMOKE,VIT-60120-8.50-GLO-MAR-WHIT-075,glossy 1.zip,glossy 1/20=AMIGO SMOKE/AMIGO SMOKE_P1.jpg,product,1,products/glossy/vit-60120-8-50-glo-mar-whit-075/originals/AMIGO SMOKE_P1.jpg,products/glossy/vit-60120-8-50-glo-mar-whit-075/thumbnails/amigo-smoke-p1.webp,thumbnails/vit-60120-8-50-glo-mar-whit-075/amigo-smoke-p1.webp
AMIGO SMOKE,VIT-60120-8.50-GLO-MAR-WHIT-075,glossy 1.zip,glossy 1/20=AMIGO SMOKE/AMIGO SMOKE_P2.jpg,product,2,products/glossy/vit-60120-8-50-glo-mar-whit-075/originals/AMIGO SMOKE_P2.jpg,products/glossy/vit-60120-8-50-glo-mar-whit-075/thumbnails/amigo-smoke-p2.webp,thumbnails/vit-60120-8-50-glo-mar-whit-075/amigo-smoke-p2.webp
AMIGO SMOKE,VIT-60120-8.50-GLO-MAR-WHIT-075,glossy 1.zip,glossy 1/20=AMIGO SMOKE/AMIGO SMOKE_P3.jpg,product,3,products/glossy/vit-60120-8-50-glo-mar-whit-075/originals/AMIGO SMOKE_P3.jpg,products/glossy/vit-60120-8-50-glo-mar-whit-075/thumbnails/amigo-smoke-p3.webp,thumbnails/vit-60120-8-50-glo-mar-whit-075/amigo-smoke-p3.webp
AMIGO SMOKE,VIT-60120-8.50-GLO-MAR-WHIT-075,glossy 1.zip,glossy 1/20=AMIGO SMOKE/AMIGO SMOKE_P4.jpg,product,4,products/glossy/vit-60120-8-50-glo-mar-whit-075/originals/AMIGO SMOKE_P4.jpg,products/glossy/vit-60120-8-50-glo-mar-whit-075/thumbnails/amigo-smoke-p4.webp,thumbnails/vit-60120-8-50-glo-mar-whit-075/amigo-smoke-p4.webp
ANLAYA,VIT-60120-8.50-GLO-MAR-WHIT-076,glossy 1.1.zip,glossy 1.1/ANLAYA/ANLAYA_P1.jpg,product,1,products/glossy/vit-60120-8-50-glo-mar-whit-076/originals/ANLAYA_P1.jpg,products/glossy/vit-60120-8-50-glo-mar-whit-076/thumbnails/anlaya-p1.webp,thumbnails/vit-60120-8-50-glo-mar-whit-076/anlaya-p1.webp
ANLAYA,VIT-60120-8.50-GLO-MAR-WHIT-076,glossy 1.1.zip,glossy 1.1/ANLAYA/ANLAYA_P2.jpg,product,2,products/glossy/vit-60120-8-50-glo-mar-whit-076/originals/ANLAYA_P2.jpg,products/glossy/vit-60120-8-50-glo-mar-whit-076/thumbnails/anlaya-p2.webp,thumbnails/vit-60120-8-50-glo-mar-whit-076/anlaya-p2.webp
ANLAYA,VIT-60120-8.50-GLO-MAR-WHIT-076,glossy 1.1.zip,glossy 1.1/ANLAYA/ANLAYA_P3.jpg,product,3,products/glossy/vit-60120-8-50-glo-mar-whit-076/originals/ANLAYA_P3.jpg,products/glossy/vit-60120-8-50-glo-mar-whit-076/thumbnails/anlaya-p3.webp,thumbnails/vit-60120-8-50-glo-mar-whit-076/anlaya-p3.webp
ANLAYA,VIT-60120-8.50-GLO-MAR-WHIT-076,glossy 1.1.zip,glossy 1.1/ANLAYA/ANLAYA_P4.jpg,product,4,products/glossy/vit-60120-8-50-glo-mar-whit-076/originals/ANLAYA_P4.jpg,products/glossy/vit-60120-8-50-glo-mar-whit-076/thumbnails/anlaya-p4.webp,thumbnails/vit-60120-8-50-glo-mar-whit-076/anlaya-p4.webp
ANTOLIA CREMA,VIT-60120-8.50-GLO-MAR-WHIT-077,glossy 1.1.zip,glossy 1.1/ANTOLIA CREMA/ANTOLIA CREMA_P2.jpg,product,2,products/glossy/vit-60120-8-50-glo-mar-whit-077/originals/ANTOLIA CREMA_P2.jpg,products/glossy/vit-60120-8-50-glo-mar-whit-077/thumbnails/antolia-crema-p2.webp,thumbnails/vit-60120-8-50-glo-mar-whit-077/antolia-crema-p2.webp
ANTOLIA CREMA,VIT-60120-8.50-GLO-MAR-WHIT-077,glossy 1.1.zip,glossy 1.1/ANTOLIA CREMA/ANTOLIA CREMA_P3.jpg,product,3,products/glossy/vit-60120-8-50-glo-mar-whit-077/originals/ANTOLIA CREMA_P3.jpg,products/glossy/vit-60120-8-50-glo-mar-whit-077/thumbnails/antolia-crema-p3.webp,thumbnails/vit-60120-8-50-glo-mar-whit-077/antolia-crema-p3.webp
ANTRESIT GREY,VIT-60120-8.50-GLO-MAR-WHIT-078,glossy 1.1.zip,glossy 1.1/ANTRESIT GREY/ANTRESIT GREY_R1.jpg,room,1,products/glossy/vit-60120-8-50-glo-mar-whit-078/originals/ANTRESIT GREY_R1.jpg,products/glossy/vit-60120-8-50-glo-mar-whit-078/thumbnails/antresit-grey-r1.webp,thumbnails/vit-60120-8-50-glo-mar-whit-078/antresit-grey-r1.webp
ANTRESIT GREY,VIT-60120-8.50-GLO-MAR-WHIT-078,glossy 1.1.zip,glossy 1.1/ANTRESIT GREY/ANTRESIT GREY_R2.jpg,room,2,products/glossy/vit-60120-8-50-glo-mar-whit-078/originals/ANTRESIT GREY_R2.jpg,products/glossy/vit-60120-8-50-glo-mar-whit-078/thumbnails/antresit-grey-r2.webp,thumbnails/vit-60120-8-50-glo-mar-whit-078/antresit-grey-r2.webp
ANTRESIT GREY,VIT-60120-8.50-GLO-MAR-WHIT-078,glossy 1.1.zip,glossy 1.1/ANTRESIT GREY/ANTRESIT GREY_R3.jpg,room,3,products/glossy/vit-60120-8-50-glo-mar-whit-078/originals/ANTRESIT GREY_R3.jpg,products/glossy/vit-60120-8-50-glo-mar-whit-078/thumbnails/antresit-grey-r3.webp,thumbnails/vit-60120-8-50-glo-mar-whit-078/antresit-grey-r3.webp
ANTRESIT NATURAL,VIT-60120-8.50-GLO-MAR-WHIT-079,glossy 1.1.zip,glossy 1.1/ANTRESIT NATURAL/ANTRESIT NATURAL_R1.jpg,room,1,products/glossy/vit-60120-8-50-glo-mar-whit-079/originals/ANTRESIT NATURAL_R1.jpg,products/glossy/vit-60120-8-50-glo-mar-whit-079/thumbnails/antresit-natural-r1.webp,thumbnails/vit-60120-8-50-glo-mar-whit-079/antresit-natural-r1.webp
ANTRESIT NATURAL,VIT-60120-8.50-GLO-MAR-WHIT-079,glossy 1.1.zip,glossy 1.1/ANTRESIT NATURAL/ANTRESIT NATURAL_R2.jpg,room,2,products/glossy/vit-60120-8-50-glo-mar-whit-079/originals/ANTRESIT NATURAL_R2.jpg,products/glossy/vit-60120-8-50-glo-mar-whit-079/thumbnails/antresit-natural-r2.webp,thumbnails/vit-60120-8-50-glo-mar-whit-079/antresit-natural-r2.webp
ANTRESIT NATURAL,VIT-60120-8.50-GLO-MAR-WHIT-079,glossy 1.1.zip,glossy 1.1/ANTRESIT NATURAL/ANTRESIT NATURAL_R3.jpg,room,3,products/glossy/vit-60120-8-50-glo-mar-whit-079/originals/ANTRESIT NATURAL_R3.jpg,products/glossy/vit-60120-8-50-glo-mar-whit-079/thumbnails/antresit-natural-r3.webp,thumbnails/vit-60120-8-50-glo-mar-whit-079/antresit-natural-r3.webp
ARAVALI BROWN,VIT-60120-8.50-GLO-MAR-WHIT-080,glossy 1.1.zip,glossy 1.1/ARAVALI BROWN/ARAVALIBROWN_R1.jpg,room,1,products/glossy/vit-60120-8-50-glo-mar-whit-080/originals/ARAVALIBROWN_R1.jpg,products/glossy/vit-60120-8-50-glo-mar-whit-080/thumbnails/aravalibrown-r1.webp,thumbnails/vit-60120-8-50-glo-mar-whit-080/aravalibrown-r1.webp
ARAVALI BROWN,VIT-60120-8.50-GLO-MAR-WHIT-080,glossy 1.1.zip,glossy 1.1/ARAVALI BROWN/ARAVALIBROWN_R2.jpg,room,2,products/glossy/vit-60120-8-50-glo-mar-whit-080/originals/ARAVALIBROWN_R2.jpg,products/glossy/vit-60120-8-50-glo-mar-whit-080/thumbnails/aravalibrown-r2.webp,thumbnails/vit-60120-8-50-glo-mar-whit-080/aravalibrown-r2.webp
ARAVALI BROWN,VIT-60120-8.50-GLO-MAR-WHIT-080,glossy 1.1.zip,glossy 1.1/ARAVALI BROWN/ARAVALIBROWN_R3.jpg,room,3,products/glossy/vit-60120-8-50-glo-mar-whit-080/originals/ARAVALIBROWN_R3.jpg,products/glossy/vit-60120-8-50-glo-mar-whit-080/thumbnails/aravalibrown-r3.webp,thumbnails/vit-60120-8-50-glo-mar-whit-080/aravalibrown-r3.webp
ARAVALI BROWN,VIT-60120-8.50-GLO-MAR-WHIT-080,glossy 1.1.zip,glossy 1.1/ARAVALI BROWN/ARAVALIBROWN_R4.jpg,room,4,products/glossy/vit-60120-8-50-glo-mar-whit-080/originals/ARAVALIBROWN_R4.jpg,products/glossy/vit-60120-8-50-glo-mar-whit-080/thumbnails/aravalibrown-r4.webp,thumbnails/vit-60120-8-50-glo-mar-whit-080/aravalibrown-r4.webp
ARAVALI NATURAL,VIT-60120-8.50-GLO-MAR-WHIT-081,glossy 1.1.zip,glossy 1.1/ARAVALI NATURAL/ARAVALI NATURAL_F1.jpg,face,1,products/glossy/vit-60120-8-50-glo-mar-whit-081/originals/ARAVALI NATURAL_F1.jpg,products/glossy/vit-60120-8-50-glo-mar-whit-081/thumbnails/aravali-natural-f1.webp,thumbnails/vit-60120-8-50-glo-mar-whit-081/aravali-natural-f1.webp
ARAVALI NATURAL,VIT-60120-8.50-GLO-MAR-WHIT-081,glossy 1.1.zip,glossy 1.1/ARAVALI NATURAL/ARAVALI NATURAL_F2.jpg,face,2,products/glossy/vit-60120-8-50-glo-mar-whit-081/originals/ARAVALI NATURAL_F2.jpg,products/glossy/vit-60120-8-50-glo-mar-whit-081/thumbnails/aravali-natural-f2.webp,thumbnails/vit-60120-8-50-glo-mar-whit-081/aravali-natural-f2.webp
ARAVALI NATURAL,VIT-60120-8.50-GLO-MAR-WHIT-081,glossy 1.1.zip,glossy 1.1/ARAVALI NATURAL/ARAVALI NATURAL_F3.jpg,face,3,products/glossy/vit-60120-8-50-glo-mar-whit-081/originals/ARAVALI NATURAL_F3.jpg,products/glossy/vit-60120-8-50-glo-mar-whit-081/thumbnails/aravali-natural-f3.webp,thumbnails/vit-60120-8-50-glo-mar-whit-081/aravali-natural-f3.webp
ARAVALI NATURAL,VIT-60120-8.50-GLO-MAR-WHIT-081,glossy 1.1.zip,glossy 1.1/ARAVALI NATURAL/ARAVALI NATURAL_F4.jpg,face,4,products/glossy/vit-60120-8-50-glo-mar-whit-081/originals/ARAVALI NATURAL_F4.jpg,products/glossy/vit-60120-8-50-glo-mar-whit-081/thumbnails/aravali-natural-f4.webp,thumbnails/vit-60120-8-50-glo-mar-whit-081/aravali-natural-f4.webp
ARS BEIGE,VIT-60120-8.50-GLO-MAR-WHIT-082,glossy 1.1.zip,glossy 1.1/ARS BEIGE/ARS BEIGE_R1.jpg,room,1,products/glossy/vit-60120-8-50-glo-mar-whit-082/originals/ARS BEIGE_R1.jpg,products/glossy/vit-60120-8-50-glo-mar-whit-082/thumbnails/ars-beige-r1.webp,thumbnails/vit-60120-8-50-glo-mar-whit-082/ars-beige-r1.webp
ARS BEIGE,VIT-60120-8.50-GLO-MAR-WHIT-082,glossy 1.1.zip,glossy 1.1/ARS BEIGE/ARS BEIGE_R2.jpg,room,2,products/glossy/vit-60120-8-50-glo-mar-whit-082/originals/ARS BEIGE_R2.jpg,products/glossy/vit-60120-8-50-glo-mar-whit-082/thumbnails/ars-beige-r2.webp,thumbnails/vit-60120-8-50-glo-mar-whit-082/ars-beige-r2.webp
ARS BEIGE,VIT-60120-8.50-GLO-MAR-WHIT-082,glossy 1.1.zip,glossy 1.1/ARS BEIGE/ARS BEIGE_R3.jpg,room,3,products/glossy/vit-60120-8-50-glo-mar-whit-082/originals/ARS BEIGE_R3.jpg,products/glossy/vit-60120-8-50-glo-mar-whit-082/thumbnails/ars-beige-r3.webp,thumbnails/vit-60120-8-50-glo-mar-whit-082/ars-beige-r3.webp
ARS BEIGE,VIT-60120-8.50-GLO-MAR-WHIT-082,glossy 1.1.zip,glossy 1.1/ARS BEIGE/ARS BEIGE_R4.jpg,room,4,products/glossy/vit-60120-8-50-glo-mar-whit-082/originals/ARS BEIGE_R4.jpg,products/glossy/vit-60120-8-50-glo-mar-whit-082/thumbnails/ars-beige-r4.webp,thumbnails/vit-60120-8-50-glo-mar-whit-082/ars-beige-r4.webp
ARS BIANCO,VIT-60120-8.50-GLO-MAR-WHIT-083,glossy 1.1.zip,glossy 1.1/ARS BIANCO/ARS BIANCO_R1.jpg,room,1,products/glossy/vit-60120-8-50-glo-mar-whit-083/originals/ARS BIANCO_R1.jpg,products/glossy/vit-60120-8-50-glo-mar-whit-083/thumbnails/ars-bianco-r1.webp,thumbnails/vit-60120-8-50-glo-mar-whit-083/ars-bianco-r1.webp
ARS BIANCO,VIT-60120-8.50-GLO-MAR-WHIT-083,glossy 1.1.zip,glossy 1.1/ARS BIANCO/ARS BIANCO_R2.jpg,room,2,products/glossy/vit-60120-8-50-glo-mar-whit-083/originals/ARS BIANCO_R2.jpg,products/glossy/vit-60120-8-50-glo-mar-whit-083/thumbnails/ars-bianco-r2.webp,thumbnails/vit-60120-8-50-glo-mar-whit-083/ars-bianco-r2.webp
ARS BIANCO,VIT-60120-8.50-GLO-MAR-WHIT-083,glossy 1.1.zip,glossy 1.1/ARS BIANCO/ARS BIANCO_R3.jpg,room,3,products/glossy/vit-60120-8-50-glo-mar-whit-083/originals/ARS BIANCO_R3.jpg,products/glossy/vit-60120-8-50-glo-mar-whit-083/thumbnails/ars-bianco-r3.webp,thumbnails/vit-60120-8-50-glo-mar-whit-083/ars-bianco-r3.webp
ARS BIANCO,VIT-60120-8.50-GLO-MAR-WHIT-083,glossy 1.1.zip,glossy 1.1/ARS BIANCO/ARS BIANCO_R4.jpg,room,4,products/glossy/vit-60120-8-50-glo-mar-whit-083/originals/ARS BIANCO_R4.jpg,products/glossy/vit-60120-8-50-glo-mar-whit-083/thumbnails/ars-bianco-r4.webp,thumbnails/vit-60120-8-50-glo-mar-whit-083/ars-bianco-r4.webp
ARS CREMA,VIT-60120-8.50-GLO-MAR-WHIT-084,glossy 1.1.zip,glossy 1.1/ARS CREMA/ARS CREMA_R1.jpg,room,1,products/glossy/vit-60120-8-50-glo-mar-whit-084/originals/ARS CREMA_R1.jpg,products/glossy/vit-60120-8-50-glo-mar-whit-084/thumbnails/ars-crema-r1.webp,thumbnails/vit-60120-8-50-glo-mar-whit-084/ars-crema-r1.webp
ARS CREMA,VIT-60120-8.50-GLO-MAR-WHIT-084,glossy 1.1.zip,glossy 1.1/ARS CREMA/ARS CREMA_R2.jpg,room,2,products/glossy/vit-60120-8-50-glo-mar-whit-084/originals/ARS CREMA_R2.jpg,products/glossy/vit-60120-8-50-glo-mar-whit-084/thumbnails/ars-crema-r2.webp,thumbnails/vit-60120-8-50-glo-mar-whit-084/ars-crema-r2.webp
ARS CREMA,VIT-60120-8.50-GLO-MAR-WHIT-084,glossy 1.1.zip,glossy 1.1/ARS CREMA/ARS CREMA_R3.jpg,room,3,products/glossy/vit-60120-8-50-glo-mar-whit-084/originals/ARS CREMA_R3.jpg,products/glossy/vit-60120-8-50-glo-mar-whit-084/thumbnails/ars-crema-r3.webp,thumbnails/vit-60120-8-50-glo-mar-whit-084/ars-crema-r3.webp
ARS CREMA,VIT-60120-8.50-GLO-MAR-WHIT-084,glossy 1.1.zip,glossy 1.1/ARS CREMA/ARS CREMA_R4.jpg,room,4,products/glossy/vit-60120-8-50-glo-mar-whit-084/originals/ARS CREMA_R4.jpg,products/glossy/vit-60120-8-50-glo-mar-whit-084/thumbnails/ars-crema-r4.webp,thumbnails/vit-60120-8-50-glo-mar-whit-084/ars-crema-r4.webp
ARS GREY,VIT-60120-8.50-GLO-MAR-WHIT-085,glossy 1.1.zip,glossy 1.1/ARS GREY/ARS GREY_R1.jpg,room,1,products/glossy/vit-60120-8-50-glo-mar-whit-085/originals/ARS GREY_R1.jpg,products/glossy/vit-60120-8-50-glo-mar-whit-085/thumbnails/ars-grey-r1.webp,thumbnails/vit-60120-8-50-glo-mar-whit-085/ars-grey-r1.webp
ARS GREY,VIT-60120-8.50-GLO-MAR-WHIT-085,glossy 1.1.zip,glossy 1.1/ARS GREY/ARS GREY_R2.jpg,room,2,products/glossy/vit-60120-8-50-glo-mar-whit-085/originals/ARS GREY_R2.jpg,products/glossy/vit-60120-8-50-glo-mar-whit-085/thumbnails/ars-grey-r2.webp,thumbnails/vit-60120-8-50-glo-mar-whit-085/ars-grey-r2.webp
ARS GREY,VIT-60120-8.50-GLO-MAR-WHIT-085,glossy 1.1.zip,glossy 1.1/ARS GREY/ARS GREY_R3.jpg,room,3,products/glossy/vit-60120-8-50-glo-mar-whit-085/originals/ARS GREY_R3.jpg,products/glossy/vit-60120-8-50-glo-mar-whit-085/thumbnails/ars-grey-r3.webp,thumbnails/vit-60120-8-50-glo-mar-whit-085/ars-grey-r3.webp
ARS GREY,VIT-60120-8.50-GLO-MAR-WHIT-085,glossy 1.1.zip,glossy 1.1/ARS GREY/ARS GREY_R4.jpg,room,4,products/glossy/vit-60120-8-50-glo-mar-whit-085/originals/ARS GREY_R4.jpg,products/glossy/vit-60120-8-50-glo-mar-whit-085/thumbnails/ars-grey-r4.webp,thumbnails/vit-60120-8-50-glo-mar-whit-085/ars-grey-r4.webp
AZALIA IVORY,VIT-60120-8.50-GLO-MAR-WHIT-086,glossy 1.1.zip,glossy 1.1/AZALIA IVORY/AZALIA IVORY_R1.jpg,room,1,products/glossy/vit-60120-8-50-glo-mar-whit-086/originals/AZALIA IVORY_R1.jpg,products/glossy/vit-60120-8-50-glo-mar-whit-086/thumbnails/azalia-ivory-r1.webp,thumbnails/vit-60120-8-50-glo-mar-whit-086/azalia-ivory-r1.webp
AZALIA IVORY,VIT-60120-8.50-GLO-MAR-WHIT-086,glossy 1.1.zip,glossy 1.1/AZALIA IVORY/AZALIA IVORY_R2.jpg,room,2,products/glossy/vit-60120-8-50-glo-mar-whit-086/originals/AZALIA IVORY_R2.jpg,products/glossy/vit-60120-8-50-glo-mar-whit-086/thumbnails/azalia-ivory-r2.webp,thumbnails/vit-60120-8-50-glo-mar-whit-086/azalia-ivory-r2.webp
AZALIA IVORY,VIT-60120-8.50-GLO-MAR-WHIT-086,glossy 1.1.zip,glossy 1.1/AZALIA IVORY/AZALIA IVORY_R3.jpg,room,3,products/glossy/vit-60120-8-50-glo-mar-whit-086/originals/AZALIA IVORY_R3.jpg,products/glossy/vit-60120-8-50-glo-mar-whit-086/thumbnails/azalia-ivory-r3.webp,thumbnails/vit-60120-8-50-glo-mar-whit-086/azalia-ivory-r3.webp
AZALIA IVORY,VIT-60120-8.50-GLO-MAR-WHIT-086,glossy 1.1.zip,glossy 1.1/AZALIA IVORY/AZALIA IVORY_R4.jpg,room,4,products/glossy/vit-60120-8-50-glo-mar-whit-086/originals/AZALIA IVORY_R4.jpg,products/glossy/vit-60120-8-50-glo-mar-whit-086/thumbnails/azalia-ivory-r4.webp,thumbnails/vit-60120-8-50-glo-mar-whit-086/azalia-ivory-r4.webp
AZALIA NATURAL,VIT-60120-8.50-GLO-MAR-WHIT-087,glossy 1.1.zip,glossy 1.1/AZALIA NATURAL/AZALIA NATURAL_R1.jpg,room,1,products/glossy/vit-60120-8-50-glo-mar-whit-087/originals/AZALIA NATURAL_R1.jpg,products/glossy/vit-60120-8-50-glo-mar-whit-087/thumbnails/azalia-natural-r1.webp,thumbnails/vit-60120-8-50-glo-mar-whit-087/azalia-natural-r1.webp
AZALIA NATURAL,VIT-60120-8.50-GLO-MAR-WHIT-087,glossy 1.1.zip,glossy 1.1/AZALIA NATURAL/AZALIA NATURAL_R2.jpg,room,2,products/glossy/vit-60120-8-50-glo-mar-whit-087/originals/AZALIA NATURAL_R2.jpg,products/glossy/vit-60120-8-50-glo-mar-whit-087/thumbnails/azalia-natural-r2.webp,thumbnails/vit-60120-8-50-glo-mar-whit-087/azalia-natural-r2.webp
AZALIA NATURAL,VIT-60120-8.50-GLO-MAR-WHIT-087,glossy 1.1.zip,glossy 1.1/AZALIA NATURAL/AZALIA NATURAL_R3.jpg,room,3,products/glossy/vit-60120-8-50-glo-mar-whit-087/originals/AZALIA NATURAL_R3.jpg,products/glossy/vit-60120-8-50-glo-mar-whit-087/thumbnails/azalia-natural-r3.webp,thumbnails/vit-60120-8-50-glo-mar-whit-087/azalia-natural-r3.webp
AZALIA NATURAL,VIT-60120-8.50-GLO-MAR-WHIT-087,glossy 1.1.zip,glossy 1.1/AZALIA NATURAL/AZALIA NATURAL_R4.jpg,room,4,products/glossy/vit-60120-8-50-glo-mar-whit-087/originals/AZALIA NATURAL_R4.jpg,products/glossy/vit-60120-8-50-glo-mar-whit-087/thumbnails/azalia-natural-r4.webp,thumbnails/vit-60120-8-50-glo-mar-whit-087/azalia-natural-r4.webp
AZALIA SILVER,VIT-60120-8.50-GLO-MAR-WHIT-088,glossy 1.1.zip,glossy 1.1/AZALIA SILVER/AZALIA SILVER_R1.jpg,room,1,products/glossy/vit-60120-8-50-glo-mar-whit-088/originals/AZALIA SILVER_R1.jpg,products/glossy/vit-60120-8-50-glo-mar-whit-088/thumbnails/azalia-silver-r1.webp,thumbnails/vit-60120-8-50-glo-mar-whit-088/azalia-silver-r1.webp
AZALIA SILVER,VIT-60120-8.50-GLO-MAR-WHIT-088,glossy 1.1.zip,glossy 1.1/AZALIA SILVER/AZALIA SILVER_R2.jpg,room,2,products/glossy/vit-60120-8-50-glo-mar-whit-088/originals/AZALIA SILVER_R2.jpg,products/glossy/vit-60120-8-50-glo-mar-whit-088/thumbnails/azalia-silver-r2.webp,thumbnails/vit-60120-8-50-glo-mar-whit-088/azalia-silver-r2.webp
AZALIA SILVER,VIT-60120-8.50-GLO-MAR-WHIT-088,glossy 1.1.zip,glossy 1.1/AZALIA SILVER/AZALIA SILVER_R3.jpg,room,3,products/glossy/vit-60120-8-50-glo-mar-whit-088/originals/AZALIA SILVER_R3.jpg,products/glossy/vit-60120-8-50-glo-mar-whit-088/thumbnails/azalia-silver-r3.webp,thumbnails/vit-60120-8-50-glo-mar-whit-088/azalia-silver-r3.webp
AZALIA SILVER,VIT-60120-8.50-GLO-MAR-WHIT-088,glossy 1.1.zip,glossy 1.1/AZALIA SILVER/AZALIA SILVER_R4.jpg,room,4,products/glossy/vit-60120-8-50-glo-mar-whit-088/originals/AZALIA SILVER_R4.jpg,products/glossy/vit-60120-8-50-glo-mar-whit-088/thumbnails/azalia-silver-r4.webp,thumbnails/vit-60120-8-50-glo-mar-whit-088/azalia-silver-r4.webp
BAYAZ BIANCO,VIT-60120-8.50-GLO-MAR-WHIT-089,glossy 1.zip,glossy 1/10=BAYAZ BIANCO/BAYAZ BIANCO_P1.jpg,product,1,products/glossy/vit-60120-8-50-glo-mar-whit-089/originals/BAYAZ BIANCO_P1.jpg,products/glossy/vit-60120-8-50-glo-mar-whit-089/thumbnails/bayaz-bianco-p1.webp,thumbnails/vit-60120-8-50-glo-mar-whit-089/bayaz-bianco-p1.webp
BAYAZ BIANCO,VIT-60120-8.50-GLO-MAR-WHIT-089,glossy 1.zip,glossy 1/10=BAYAZ BIANCO/BAYAZ BIANCO_P2.jpg,product,2,products/glossy/vit-60120-8-50-glo-mar-whit-089/originals/BAYAZ BIANCO_P2.jpg,products/glossy/vit-60120-8-50-glo-mar-whit-089/thumbnails/bayaz-bianco-p2.webp,thumbnails/vit-60120-8-50-glo-mar-whit-089/bayaz-bianco-p2.webp
BAYAZ BIANCO,VIT-60120-8.50-GLO-MAR-WHIT-089,glossy 1.zip,glossy 1/10=BAYAZ BIANCO/BAYAZ BIANCO_P3.jpg,product,3,products/glossy/vit-60120-8-50-glo-mar-whit-089/originals/BAYAZ BIANCO_P3.jpg,products/glossy/vit-60120-8-50-glo-mar-whit-089/thumbnails/bayaz-bianco-p3.webp,thumbnails/vit-60120-8-50-glo-mar-whit-089/bayaz-bianco-p3.webp
BAYAZ BIANCO,VIT-60120-8.50-GLO-MAR-WHIT-089,glossy 1.zip,glossy 1/10=BAYAZ BIANCO/BAYAZ BIANCO_P4.jpg,product,4,products/glossy/vit-60120-8-50-glo-mar-whit-089/originals/BAYAZ BIANCO_P4.jpg,products/glossy/vit-60120-8-50-glo-mar-whit-089/thumbnails/bayaz-bianco-p4.webp,thumbnails/vit-60120-8-50-glo-mar-whit-089/bayaz-bianco-p4.webp
BISAZZA GREY,VIT-60120-8.50-GLO-MAR-WHIT-090,glossy 1.1.zip,glossy 1.1/BISAZZA GREY/BISAZZA GREY (DSI40 B)_R1.jpg,room,1,products/glossy/vit-60120-8-50-glo-mar-whit-090/originals/BISAZZA GREY (DSI40 B)_R1.jpg,products/glossy/vit-60120-8-50-glo-mar-whit-090/thumbnails/bisazza-grey-dsi40-b-r1.webp,thumbnails/vit-60120-8-50-glo-mar-whit-090/bisazza-grey-dsi40-b-r1.webp
BISAZZA GREY,VIT-60120-8.50-GLO-MAR-WHIT-090,glossy 1.1.zip,glossy 1.1/BISAZZA GREY/BISAZZA GREY (DSI40 B)_R2.jpg,room,2,products/glossy/vit-60120-8-50-glo-mar-whit-090/originals/BISAZZA GREY (DSI40 B)_R2.jpg,products/glossy/vit-60120-8-50-glo-mar-whit-090/thumbnails/bisazza-grey-dsi40-b-r2.webp,thumbnails/vit-60120-8-50-glo-mar-whit-090/bisazza-grey-dsi40-b-r2.webp
BISAZZA GREY,VIT-60120-8.50-GLO-MAR-WHIT-090,glossy 1.1.zip,glossy 1.1/BISAZZA GREY/BISAZZA GREY (DSI40 B)_R3.jpg,room,3,products/glossy/vit-60120-8-50-glo-mar-whit-090/originals/BISAZZA GREY (DSI40 B)_R3.jpg,products/glossy/vit-60120-8-50-glo-mar-whit-090/thumbnails/bisazza-grey-dsi40-b-r3.webp,thumbnails/vit-60120-8-50-glo-mar-whit-090/bisazza-grey-dsi40-b-r3.webp
BISAZZA GREY,VIT-60120-8.50-GLO-MAR-WHIT-090,glossy 1.1.zip,glossy 1.1/BISAZZA GREY/BISAZZA GREY (DSI40 B)_R4.jpg,room,4,products/glossy/vit-60120-8-50-glo-mar-whit-090/originals/BISAZZA GREY (DSI40 B)_R4.jpg,products/glossy/vit-60120-8-50-glo-mar-whit-090/thumbnails/bisazza-grey-dsi40-b-r4.webp,thumbnails/vit-60120-8-50-glo-mar-whit-090/bisazza-grey-dsi40-b-r4.webp
BISAZZA NATURAL,VIT-60120-8.50-GLO-MAR-WHIT-091,glossy 1.1.zip,glossy 1.1/BISAZZA NATURAL/BISAZZA NATURAL (DSI40 A)_R1.jpg,room,1,products/glossy/vit-60120-8-50-glo-mar-whit-091/originals/BISAZZA NATURAL (DSI40 A)_R1.jpg,products/glossy/vit-60120-8-50-glo-mar-whit-091/thumbnails/bisazza-natural-dsi40-a-r1.webp,thumbnails/vit-60120-8-50-glo-mar-whit-091/bisazza-natural-dsi40-a-r1.webp
BISAZZA NATURAL,VIT-60120-8.50-GLO-MAR-WHIT-091,glossy 1.1.zip,glossy 1.1/BISAZZA NATURAL/BISAZZA NATURAL (DSI40 A)_R2.jpg,room,2,products/glossy/vit-60120-8-50-glo-mar-whit-091/originals/BISAZZA NATURAL (DSI40 A)_R2.jpg,products/glossy/vit-60120-8-50-glo-mar-whit-091/thumbnails/bisazza-natural-dsi40-a-r2.webp,thumbnails/vit-60120-8-50-glo-mar-whit-091/bisazza-natural-dsi40-a-r2.webp
BISAZZA NATURAL,VIT-60120-8.50-GLO-MAR-WHIT-091,glossy 1.1.zip,glossy 1.1/BISAZZA NATURAL/BISAZZA NATURAL (DSI40 A)_R3.jpg,room,3,products/glossy/vit-60120-8-50-glo-mar-whit-091/originals/BISAZZA NATURAL (DSI40 A)_R3.jpg,products/glossy/vit-60120-8-50-glo-mar-whit-091/thumbnails/bisazza-natural-dsi40-a-r3.webp,thumbnails/vit-60120-8-50-glo-mar-whit-091/bisazza-natural-dsi40-a-r3.webp
BISAZZA NATURAL,VIT-60120-8.50-GLO-MAR-WHIT-091,glossy 1.1.zip,glossy 1.1/BISAZZA NATURAL/BISAZZA NATURAL (DSI40 A)_R4.jpg,room,4,products/glossy/vit-60120-8-50-glo-mar-whit-091/originals/BISAZZA NATURAL (DSI40 A)_R4.jpg,products/glossy/vit-60120-8-50-glo-mar-whit-091/thumbnails/bisazza-natural-dsi40-a-r4.webp,thumbnails/vit-60120-8-50-glo-mar-whit-091/bisazza-natural-dsi40-a-r4.webp
BOUTIQUE BEIGE,VIT-60120-8.50-GLO-MAR-WHIT-092,glossy 1.1.zip,glossy 1.1/BOUTIQUE BEIGE/BOUTIQUE BEIGE_R1.jpg,room,1,products/glossy/vit-60120-8-50-glo-mar-whit-092/originals/BOUTIQUE BEIGE_R1.jpg,products/glossy/vit-60120-8-50-glo-mar-whit-092/thumbnails/boutique-beige-r1.webp,thumbnails/vit-60120-8-50-glo-mar-whit-092/boutique-beige-r1.webp
BOUTIQUE BEIGE,VIT-60120-8.50-GLO-MAR-WHIT-092,glossy 1.1.zip,glossy 1.1/BOUTIQUE BEIGE/BOUTIQUE BEIGE_R2.jpg,room,2,products/glossy/vit-60120-8-50-glo-mar-whit-092/originals/BOUTIQUE BEIGE_R2.jpg,products/glossy/vit-60120-8-50-glo-mar-whit-092/thumbnails/boutique-beige-r2.webp,thumbnails/vit-60120-8-50-glo-mar-whit-092/boutique-beige-r2.webp
BOUTIQUE BEIGE,VIT-60120-8.50-GLO-MAR-WHIT-092,glossy 1.1.zip,glossy 1.1/BOUTIQUE BEIGE/BOUTIQUE BEIGE_R3.jpg,room,3,products/glossy/vit-60120-8-50-glo-mar-whit-092/originals/BOUTIQUE BEIGE_R3.jpg,products/glossy/vit-60120-8-50-glo-mar-whit-092/thumbnails/boutique-beige-r3.webp,thumbnails/vit-60120-8-50-glo-mar-whit-092/boutique-beige-r3.webp
BOUTIQUE BEIGE,VIT-60120-8.50-GLO-MAR-WHIT-092,glossy 1.1.zip,glossy 1.1/BOUTIQUE BEIGE/BOUTIQUE BEIGE_R4.jpg,room,4,products/glossy/vit-60120-8-50-glo-mar-whit-092/originals/BOUTIQUE BEIGE_R4.jpg,products/glossy/vit-60120-8-50-glo-mar-whit-092/thumbnails/boutique-beige-r4.webp,thumbnails/vit-60120-8-50-glo-mar-whit-092/boutique-beige-r4.webp
BRECCIA ARRORA,VIT-60120-8.50-GLO-MAR-WHIT-093,glossy 1.1.zip,glossy 1.1/BRECCIA ARRORA/BRECCIA ARRORA_P1.jpg,product,1,products/glossy/vit-60120-8-50-glo-mar-whit-093/originals/BRECCIA ARRORA_P1.jpg,products/glossy/vit-60120-8-50-glo-mar-whit-093/thumbnails/breccia-arrora-p1.webp,thumbnails/vit-60120-8-50-glo-mar-whit-093/breccia-arrora-p1.webp
BRECCIA ARRORA,VIT-60120-8.50-GLO-MAR-WHIT-093,glossy 1.1.zip,glossy 1.1/BRECCIA ARRORA/BRECCIA ARRORA_P2 .jpg,product,2,products/glossy/vit-60120-8-50-glo-mar-whit-093/originals/BRECCIA ARRORA_P2 .jpg,products/glossy/vit-60120-8-50-glo-mar-whit-093/thumbnails/breccia-arrora-p2.webp,thumbnails/vit-60120-8-50-glo-mar-whit-093/breccia-arrora-p2.webp
BRECCIA ARRORA,VIT-60120-8.50-GLO-MAR-WHIT-093,glossy 1.1.zip,glossy 1.1/BRECCIA ARRORA/BRECCIA ARRORA_P3 .jpg,product,3,products/glossy/vit-60120-8-50-glo-mar-whit-093/originals/BRECCIA ARRORA_P3 .jpg,products/glossy/vit-60120-8-50-glo-mar-whit-093/thumbnails/breccia-arrora-p3.webp,thumbnails/vit-60120-8-50-glo-mar-whit-093/breccia-arrora-p3.webp
BRECCIA ARRORA,VIT-60120-8.50-GLO-MAR-WHIT-093,glossy 1.1.zip,glossy 1.1/BRECCIA ARRORA/BRECCIA ARRORA_P4 .jpg,product,4,products/glossy/vit-60120-8-50-glo-mar-whit-093/originals/BRECCIA ARRORA_P4 .jpg,products/glossy/vit-60120-8-50-glo-mar-whit-093/thumbnails/breccia-arrora-p4.webp,thumbnails/vit-60120-8-50-glo-mar-whit-093/breccia-arrora-p4.webp
CARNICA ROYAL BIANCO,VIT-60120-8.50-GLO-MAR-WHIT-094,glossy 2(1).zip,glossy 2/CARNICA ROYAL BIANCO/CARNICA ROYAL BIANCO R1.jpg,room,1,products/glossy/vit-60120-8-50-glo-mar-whit-094/originals/CARNICA ROYAL BIANCO R1.jpg,products/glossy/vit-60120-8-50-glo-mar-whit-094/thumbnails/carnica-royal-bianco-r1.webp,thumbnails/vit-60120-8-50-glo-mar-whit-094/carnica-royal-bianco-r1.webp
CARNICA ROYAL BIANCO,VIT-60120-8.50-GLO-MAR-WHIT-094,glossy 2(1).zip,glossy 2/CARNICA ROYAL BIANCO/CARNICA ROYAL BIANCO R2.jpg,room,2,products/glossy/vit-60120-8-50-glo-mar-whit-094/originals/CARNICA ROYAL BIANCO R2.jpg,products/glossy/vit-60120-8-50-glo-mar-whit-094/thumbnails/carnica-royal-bianco-r2.webp,thumbnails/vit-60120-8-50-glo-mar-whit-094/carnica-royal-bianco-r2.webp
CARNICA ROYAL BIANCO,VIT-60120-8.50-GLO-MAR-WHIT-094,glossy 2(1).zip,glossy 2/CARNICA ROYAL BIANCO/CARNICA ROYAL BIANCO R3.jpg,room,3,products/glossy/vit-60120-8-50-glo-mar-whit-094/originals/CARNICA ROYAL BIANCO R3.jpg,products/glossy/vit-60120-8-50-glo-mar-whit-094/thumbnails/carnica-royal-bianco-r3.webp,thumbnails/vit-60120-8-50-glo-mar-whit-094/carnica-royal-bianco-r3.webp
CARNICA ROYAL GREY,VIT-60120-8.50-GLO-MAR-WHIT-095,glossy 2(1).zip,glossy 2/CARNICA ROYAL GREY/CARNICA ROYAL GREY R1.jpg,room,1,products/glossy/vit-60120-8-50-glo-mar-whit-095/originals/CARNICA ROYAL GREY R1.jpg,products/glossy/vit-60120-8-50-glo-mar-whit-095/thumbnails/carnica-royal-grey-r1.webp,thumbnails/vit-60120-8-50-glo-mar-whit-095/carnica-royal-grey-r1.webp
CARNICA ROYAL GREY,VIT-60120-8.50-GLO-MAR-WHIT-095,glossy 2(1).zip,glossy 2/CARNICA ROYAL GREY/CARNICA ROYAL GREY R2.jpg,room,2,products/glossy/vit-60120-8-50-glo-mar-whit-095/originals/CARNICA ROYAL GREY R2.jpg,products/glossy/vit-60120-8-50-glo-mar-whit-095/thumbnails/carnica-royal-grey-r2.webp,thumbnails/vit-60120-8-50-glo-mar-whit-095/carnica-royal-grey-r2.webp
CARNICA ROYAL GREY,VIT-60120-8.50-GLO-MAR-WHIT-095,glossy 2(1).zip,glossy 2/CARNICA ROYAL GREY/CARNICA ROYAL GREY R3.jpg,room,3,products/glossy/vit-60120-8-50-glo-mar-whit-095/originals/CARNICA ROYAL GREY R3.jpg,products/glossy/vit-60120-8-50-glo-mar-whit-095/thumbnails/carnica-royal-grey-r3.webp,thumbnails/vit-60120-8-50-glo-mar-whit-095/carnica-royal-grey-r3.webp
CICILIA BROWN,VIT-60120-8.50-GLO-MAR-WHIT-096,glossy 2(1).zip,glossy 2/CICILIA BROWN/CICILIA BROWN_P1.jpg,product,1,products/glossy/vit-60120-8-50-glo-mar-whit-096/originals/CICILIA BROWN_P1.jpg,products/glossy/vit-60120-8-50-glo-mar-whit-096/thumbnails/cicilia-brown-p1.webp,thumbnails/vit-60120-8-50-glo-mar-whit-096/cicilia-brown-p1.webp
CICILIA BROWN,VIT-60120-8.50-GLO-MAR-WHIT-096,glossy 2(1).zip,glossy 2/CICILIA BROWN/CICILIA BROWN_P2.jpg,product,2,products/glossy/vit-60120-8-50-glo-mar-whit-096/originals/CICILIA BROWN_P2.jpg,products/glossy/vit-60120-8-50-glo-mar-whit-096/thumbnails/cicilia-brown-p2.webp,thumbnails/vit-60120-8-50-glo-mar-whit-096/cicilia-brown-p2.webp
CICILIA BROWN,VIT-60120-8.50-GLO-MAR-WHIT-096,glossy 2(1).zip,glossy 2/CICILIA BROWN/CICILIA BROWN_P3.jpg,product,3,products/glossy/vit-60120-8-50-glo-mar-whit-096/originals/CICILIA BROWN_P3.jpg,products/glossy/vit-60120-8-50-glo-mar-whit-096/thumbnails/cicilia-brown-p3.webp,thumbnails/vit-60120-8-50-glo-mar-whit-096/cicilia-brown-p3.webp
CRYSTAL TRAVERTINO BEIGE,VIT-60120-8.50-GLO-MAR-WHIT-097,glossy 2(1).zip,glossy 2/CRYSTAL TRAVERTINO BEIGE/CRYSTAL TRAVERTINO BEIGE_R1.jpg,room,1,products/glossy/vit-60120-8-50-glo-mar-whit-097/originals/CRYSTAL TRAVERTINO BEIGE_R1.jpg,products/glossy/vit-60120-8-50-glo-mar-whit-097/thumbnails/crystal-travertino-beige-r1.webp,thumbnails/vit-60120-8-50-glo-mar-whit-097/crystal-travertino-beige-r1.webp
CRYSTAL TRAVERTINO BEIGE,VIT-60120-8.50-GLO-MAR-WHIT-097,glossy 2(1).zip,glossy 2/CRYSTAL TRAVERTINO BEIGE/CRYSTAL TRAVERTINO BEIGE_R2.jpg,room,2,products/glossy/vit-60120-8-50-glo-mar-whit-097/originals/CRYSTAL TRAVERTINO BEIGE_R2.jpg,products/glossy/vit-60120-8-50-glo-mar-whit-097/thumbnails/crystal-travertino-beige-r2.webp,thumbnails/vit-60120-8-50-glo-mar-whit-097/crystal-travertino-beige-r2.webp
CRYSTAL TRAVERTINO BEIGE,VIT-60120-8.50-GLO-MAR-WHIT-097,glossy 2(1).zip,glossy 2/CRYSTAL TRAVERTINO BEIGE/CRYSTAL TRAVERTINO BEIGE_R3.jpg,room,3,products/glossy/vit-60120-8-50-glo-mar-whit-097/originals/CRYSTAL TRAVERTINO BEIGE_R3.jpg,products/glossy/vit-60120-8-50-glo-mar-whit-097/thumbnails/crystal-travertino-beige-r3.webp,thumbnails/vit-60120-8-50-glo-mar-whit-097/crystal-travertino-beige-r3.webp
CRYSTAL TRAVERTINO BEIGE,VIT-60120-8.50-GLO-MAR-WHIT-097,glossy 2(1).zip,glossy 2/CRYSTAL TRAVERTINO BEIGE/CRYSTAL TRAVERTINO BEIGE_R4.jpg,room,4,products/glossy/vit-60120-8-50-glo-mar-whit-097/originals/CRYSTAL TRAVERTINO BEIGE_R4.jpg,products/glossy/vit-60120-8-50-glo-mar-whit-097/thumbnails/crystal-travertino-beige-r4.webp,thumbnails/vit-60120-8-50-glo-mar-whit-097/crystal-travertino-beige-r4.webp
CRYSTAL TRAVERTINO BROWN,VIT-60120-8.50-GLO-MAR-WHIT-098,glossy 2(1).zip,glossy 2/CRYSTAL TRAVERTINO BROWN/CRYSTAL TRAVERTINO BROWN_P1.jpg,product,1,products/glossy/vit-60120-8-50-glo-mar-whit-098/originals/CRYSTAL TRAVERTINO BROWN_P1.jpg,products/glossy/vit-60120-8-50-glo-mar-whit-098/thumbnails/crystal-travertino-brown-p1.webp,thumbnails/vit-60120-8-50-glo-mar-whit-098/crystal-travertino-brown-p1.webp
CRYSTAL TRAVERTINO BROWN,VIT-60120-8.50-GLO-MAR-WHIT-098,glossy 2(1).zip,glossy 2/CRYSTAL TRAVERTINO BROWN/CRYSTAL TRAVERTINO BROWN_P2.jpg,product,2,products/glossy/vit-60120-8-50-glo-mar-whit-098/originals/CRYSTAL TRAVERTINO BROWN_P2.jpg,products/glossy/vit-60120-8-50-glo-mar-whit-098/thumbnails/crystal-travertino-brown-p2.webp,thumbnails/vit-60120-8-50-glo-mar-whit-098/crystal-travertino-brown-p2.webp
CRYSTAL TRAVERTINO BROWN,VIT-60120-8.50-GLO-MAR-WHIT-098,glossy 2(1).zip,glossy 2/CRYSTAL TRAVERTINO BROWN/CRYSTAL TRAVERTINO BROWN_P3.jpg,product,3,products/glossy/vit-60120-8-50-glo-mar-whit-098/originals/CRYSTAL TRAVERTINO BROWN_P3.jpg,products/glossy/vit-60120-8-50-glo-mar-whit-098/thumbnails/crystal-travertino-brown-p3.webp,thumbnails/vit-60120-8-50-glo-mar-whit-098/crystal-travertino-brown-p3.webp
CRYSTAL TRAVERTINO BROWN,VIT-60120-8.50-GLO-MAR-WHIT-098,glossy 2(1).zip,glossy 2/CRYSTAL TRAVERTINO BROWN/CRYSTAL TRAVERTINO BROWN_P4.jpg,product,4,products/glossy/vit-60120-8-50-glo-mar-whit-098/originals/CRYSTAL TRAVERTINO BROWN_P4.jpg,products/glossy/vit-60120-8-50-glo-mar-whit-098/thumbnails/crystal-travertino-brown-p4.webp,thumbnails/vit-60120-8-50-glo-mar-whit-098/crystal-travertino-brown-p4.webp
DAKOTA BEIGE,VIT-60120-8.50-GLO-MAR-WHIT-099,glossy 2(1).zip,glossy 2/DAKOTA BEIGE/DAKOTA BEIGE_P1.jpg,product,1,products/glossy/vit-60120-8-50-glo-mar-whit-099/originals/DAKOTA BEIGE_P1.jpg,products/glossy/vit-60120-8-50-glo-mar-whit-099/thumbnails/dakota-beige-p1.webp,thumbnails/vit-60120-8-50-glo-mar-whit-099/dakota-beige-p1.webp
DAKOTA BEIGE,VIT-60120-8.50-GLO-MAR-WHIT-099,glossy 2(1).zip,glossy 2/DAKOTA BEIGE/DAKOTA BEIGE_P2.jpg,product,2,products/glossy/vit-60120-8-50-glo-mar-whit-099/originals/DAKOTA BEIGE_P2.jpg,products/glossy/vit-60120-8-50-glo-mar-whit-099/thumbnails/dakota-beige-p2.webp,thumbnails/vit-60120-8-50-glo-mar-whit-099/dakota-beige-p2.webp
DYNA BROWN,VIT-60120-8.50-GLO-MAR-WHIT-100,glossy 2(1).zip,glossy 2/DYNA BROWN/DYNA BROWN_P1.jpg,product,1,products/glossy/vit-60120-8-50-glo-mar-whit-100/originals/DYNA BROWN_P1.jpg,products/glossy/vit-60120-8-50-glo-mar-whit-100/thumbnails/dyna-brown-p1.webp,thumbnails/vit-60120-8-50-glo-mar-whit-100/dyna-brown-p1.webp
DYNA BROWN,VIT-60120-8.50-GLO-MAR-WHIT-100,glossy 2(1).zip,glossy 2/DYNA BROWN/DYNA BROWN_P2.jpg,product,2,products/glossy/vit-60120-8-50-glo-mar-whit-100/originals/DYNA BROWN_P2.jpg,products/glossy/vit-60120-8-50-glo-mar-whit-100/thumbnails/dyna-brown-p2.webp,thumbnails/vit-60120-8-50-glo-mar-whit-100/dyna-brown-p2.webp
DYNA BROWN,VIT-60120-8.50-GLO-MAR-WHIT-100,glossy 2(1).zip,glossy 2/DYNA BROWN/DYNA BROWN_P3.jpg,product,3,products/glossy/vit-60120-8-50-glo-mar-whit-100/originals/DYNA BROWN_P3.jpg,products/glossy/vit-60120-8-50-glo-mar-whit-100/thumbnails/dyna-brown-p3.webp,thumbnails/vit-60120-8-50-glo-mar-whit-100/dyna-brown-p3.webp
DYNA CAMRY DARK,VIT-60120-8.50-GLO-MAR-WHIT-101,glossy 2(1).zip,glossy 2/DYNA CAMRY DARK/DYNA CAMRY DARK_P1.jpg,product,1,products/glossy/vit-60120-8-50-glo-mar-whit-101/originals/DYNA CAMRY DARK_P1.jpg,products/glossy/vit-60120-8-50-glo-mar-whit-101/thumbnails/dyna-camry-dark-p1.webp,thumbnails/vit-60120-8-50-glo-mar-whit-101/dyna-camry-dark-p1.webp
DYNA CAMRY DARK,VIT-60120-8.50-GLO-MAR-WHIT-101,glossy 2(1).zip,glossy 2/DYNA CAMRY DARK/DYNA CAMRY DARK_P2 .jpg,product,2,products/glossy/vit-60120-8-50-glo-mar-whit-101/originals/DYNA CAMRY DARK_P2 .jpg,products/glossy/vit-60120-8-50-glo-mar-whit-101/thumbnails/dyna-camry-dark-p2.webp,thumbnails/vit-60120-8-50-glo-mar-whit-101/dyna-camry-dark-p2.webp
DYNA CAMRY DARK,VIT-60120-8.50-GLO-MAR-WHIT-101,glossy 2(1).zip,glossy 2/DYNA CAMRY DARK/DYNA CAMRY DARK_P3 .jpg,product,3,products/glossy/vit-60120-8-50-glo-mar-whit-101/originals/DYNA CAMRY DARK_P3 .jpg,products/glossy/vit-60120-8-50-glo-mar-whit-101/thumbnails/dyna-camry-dark-p3.webp,thumbnails/vit-60120-8-50-glo-mar-whit-101/dyna-camry-dark-p3.webp
DYNA CAMRY LIGHT,VIT-60120-8.50-GLO-MAR-WHIT-102,glossy 2(1).zip,glossy 2/DYNA CAMRY LIGHT/DYNA CAMRY LIGHT_P1.jpg,product,1,products/glossy/vit-60120-8-50-glo-mar-whit-102/originals/DYNA CAMRY LIGHT_P1.jpg,products/glossy/vit-60120-8-50-glo-mar-whit-102/thumbnails/dyna-camry-light-p1.webp,thumbnails/vit-60120-8-50-glo-mar-whit-102/dyna-camry-light-p1.webp
DYNA CAMRY LIGHT,VIT-60120-8.50-GLO-MAR-WHIT-102,glossy 2(1).zip,glossy 2/DYNA CAMRY LIGHT/DYNA CAMRY LIGHT_P2 .jpg,product,2,products/glossy/vit-60120-8-50-glo-mar-whit-102/originals/DYNA CAMRY LIGHT_P2 .jpg,products/glossy/vit-60120-8-50-glo-mar-whit-102/thumbnails/dyna-camry-light-p2.webp,thumbnails/vit-60120-8-50-glo-mar-whit-102/dyna-camry-light-p2.webp
DYNA CAMRY LIGHT,VIT-60120-8.50-GLO-MAR-WHIT-102,glossy 2(1).zip,glossy 2/DYNA CAMRY LIGHT/DYNA CAMRY LIGHT_P3 .jpg,product,3,products/glossy/vit-60120-8-50-glo-mar-whit-102/originals/DYNA CAMRY LIGHT_P3 .jpg,products/glossy/vit-60120-8-50-glo-mar-whit-102/thumbnails/dyna-camry-light-p3.webp,thumbnails/vit-60120-8-50-glo-mar-whit-102/dyna-camry-light-p3.webp
DYNA CHARMIS,VIT-60120-8.50-GLO-MAR-WHIT-103,glossy 2.1.zip,glossy 2.1/DYNA CHARMIS/DYNA CHARMIS_P1.jpg,product,1,products/glossy/vit-60120-8-50-glo-mar-whit-103/originals/DYNA CHARMIS_P1.jpg,products/glossy/vit-60120-8-50-glo-mar-whit-103/thumbnails/dyna-charmis-p1.webp,thumbnails/vit-60120-8-50-glo-mar-whit-103/dyna-charmis-p1.webp
DYNA CHARMIS,VIT-60120-8.50-GLO-MAR-WHIT-103,glossy 2.1.zip,glossy 2.1/DYNA CHARMIS/DYNA CHARMIS_P2.jpg,product,2,products/glossy/vit-60120-8-50-glo-mar-whit-103/originals/DYNA CHARMIS_P2.jpg,products/glossy/vit-60120-8-50-glo-mar-whit-103/thumbnails/dyna-charmis-p2.webp,thumbnails/vit-60120-8-50-glo-mar-whit-103/dyna-charmis-p2.webp
DYNA CHARMIS,VIT-60120-8.50-GLO-MAR-WHIT-103,glossy 2.1.zip,glossy 2.1/DYNA CHARMIS/DYNA CHARMIS_P3.jpg,product,3,products/glossy/vit-60120-8-50-glo-mar-whit-103/originals/DYNA CHARMIS_P3.jpg,products/glossy/vit-60120-8-50-glo-mar-whit-103/thumbnails/dyna-charmis-p3.webp,thumbnails/vit-60120-8-50-glo-mar-whit-103/dyna-charmis-p3.webp
DYNA FANTASTICO,VIT-60120-8.50-GLO-MAR-WHIT-104,glossy 2.1.zip,glossy 2.1/DYNA FANTASTICO LIGHT/DYNA FANTASTICO LIGHT_P1.jpg,product,1,products/glossy/vit-60120-8-50-glo-mar-whit-104/originals/DYNA FANTASTICO LIGHT_P1.jpg,products/glossy/vit-60120-8-50-glo-mar-whit-104/thumbnails/dyna-fantastico-light-p1.webp,thumbnails/vit-60120-8-50-glo-mar-whit-104/dyna-fantastico-light-p1.webp
DYNA FANTASTICO,VIT-60120-8.50-GLO-MAR-WHIT-104,glossy 2.1.zip,glossy 2.1/DYNA FANTASTICO LIGHT/DYNA FANTASTICO LIGHT_P2 .jpg,product,2,products/glossy/vit-60120-8-50-glo-mar-whit-104/originals/DYNA FANTASTICO LIGHT_P2 .jpg,products/glossy/vit-60120-8-50-glo-mar-whit-104/thumbnails/dyna-fantastico-light-p2.webp,thumbnails/vit-60120-8-50-glo-mar-whit-104/dyna-fantastico-light-p2.webp
DYNA FANTASTICO,VIT-60120-8.50-GLO-MAR-WHIT-104,glossy 2.1.zip,glossy 2.1/DYNA FANTASTICO LIGHT/DYNA FANTASTICO LIGHT_P3 .jpg,product,3,products/glossy/vit-60120-8-50-glo-mar-whit-104/originals/DYNA FANTASTICO LIGHT_P3 .jpg,products/glossy/vit-60120-8-50-glo-mar-whit-104/thumbnails/dyna-fantastico-light-p3.webp,thumbnails/vit-60120-8-50-glo-mar-whit-104/dyna-fantastico-light-p3.webp
DYNA FANTASTICO,VIT-60120-8.50-GLO-MAR-WHIT-104,glossy 2.1.zip,glossy 2.1/DYNA FANTASTICO LIGHT/DYNA FANTASTICO LIGHT_P4 .jpg,product,4,products/glossy/vit-60120-8-50-glo-mar-whit-104/originals/DYNA FANTASTICO LIGHT_P4 .jpg,products/glossy/vit-60120-8-50-glo-mar-whit-104/thumbnails/dyna-fantastico-light-p4.webp,thumbnails/vit-60120-8-50-glo-mar-whit-104/dyna-fantastico-light-p4.webp
DYNA GREY,VIT-60120-8.50-GLO-MAR-WHIT-105,glossy 2.1.zip,glossy 2.1/DYNA GREY/DYNA GREY_P1.jpg,product,1,products/glossy/vit-60120-8-50-glo-mar-whit-105/originals/DYNA GREY_P1.jpg,products/glossy/vit-60120-8-50-glo-mar-whit-105/thumbnails/dyna-grey-p1.webp,thumbnails/vit-60120-8-50-glo-mar-whit-105/dyna-grey-p1.webp
DYNA GREY,VIT-60120-8.50-GLO-MAR-WHIT-105,glossy 2.1.zip,glossy 2.1/DYNA GREY/DYNA GREY_P2 .jpg,product,2,products/glossy/vit-60120-8-50-glo-mar-whit-105/originals/DYNA GREY_P2 .jpg,products/glossy/vit-60120-8-50-glo-mar-whit-105/thumbnails/dyna-grey-p2.webp,thumbnails/vit-60120-8-50-glo-mar-whit-105/dyna-grey-p2.webp
DYNA GREY,VIT-60120-8.50-GLO-MAR-WHIT-105,glossy 2.1.zip,glossy 2.1/DYNA GREY/DYNA GREY_P3 .jpg,product,3,products/glossy/vit-60120-8-50-glo-mar-whit-105/originals/DYNA GREY_P3 .jpg,products/glossy/vit-60120-8-50-glo-mar-whit-105/thumbnails/dyna-grey-p3.webp,thumbnails/vit-60120-8-50-glo-mar-whit-105/dyna-grey-p3.webp
DYNA_CLASSIC_IVORY,VIT-60120-8.50-GLO-MAR-WHIT-106,glossy 2.1.zip,glossy 2.1/DYNA_CLASSIC_IVORY/DYNA CLASSIC IVORY_P1.jpg,product,1,products/glossy/vit-60120-8-50-glo-mar-whit-106/originals/DYNA CLASSIC IVORY_P1.jpg,products/glossy/vit-60120-8-50-glo-mar-whit-106/thumbnails/dyna-classic-ivory-p1.webp,thumbnails/vit-60120-8-50-glo-mar-whit-106/dyna-classic-ivory-p1.webp
DYNA_CLASSIC_IVORY,VIT-60120-8.50-GLO-MAR-WHIT-106,glossy 2.1.zip,glossy 2.1/DYNA_CLASSIC_IVORY/DYNA_CLASSIC_IVORY_P2.jpg,product,2,products/glossy/vit-60120-8-50-glo-mar-whit-106/originals/DYNA_CLASSIC_IVORY_P2.jpg,products/glossy/vit-60120-8-50-glo-mar-whit-106/thumbnails/dyna-classic-ivory-p2.webp,thumbnails/vit-60120-8-50-glo-mar-whit-106/dyna-classic-ivory-p2.webp
DYNA_CLASSIC_IVORY,VIT-60120-8.50-GLO-MAR-WHIT-106,glossy 2.1.zip,glossy 2.1/DYNA_CLASSIC_IVORY/DYNA_CLASSIC_IVORY_P3.jpg,product,3,products/glossy/vit-60120-8-50-glo-mar-whit-106/originals/DYNA_CLASSIC_IVORY_P3.jpg,products/glossy/vit-60120-8-50-glo-mar-whit-106/thumbnails/dyna-classic-ivory-p3.webp,thumbnails/vit-60120-8-50-glo-mar-whit-106/dyna-classic-ivory-p3.webp
ELENTA BEIGE,VIT-60120-8.50-GLO-MAR-WHIT-107,glossy 2.1.zip,glossy 2.1/ELENTA BEIGE/ELENTA BEIGE P1.jpg,product,1,products/glossy/vit-60120-8-50-glo-mar-whit-107/originals/ELENTA BEIGE P1.jpg,products/glossy/vit-60120-8-50-glo-mar-whit-107/thumbnails/elenta-beige-p1.webp,thumbnails/vit-60120-8-50-glo-mar-whit-107/elenta-beige-p1.webp
ELENTA BEIGE,VIT-60120-8.50-GLO-MAR-WHIT-107,glossy 2.1.zip,glossy 2.1/ELENTA BEIGE/ELENTA BEIGE P2.jpg,product,2,products/glossy/vit-60120-8-50-glo-mar-whit-107/originals/ELENTA BEIGE P2.jpg,products/glossy/vit-60120-8-50-glo-mar-whit-107/thumbnails/elenta-beige-p2.webp,thumbnails/vit-60120-8-50-glo-mar-whit-107/elenta-beige-p2.webp
ELENTA BEIGE,VIT-60120-8.50-GLO-MAR-WHIT-107,glossy 2.1.zip,glossy 2.1/ELENTA BEIGE/ELENTA BEIGE P3.jpg,product,3,products/glossy/vit-60120-8-50-glo-mar-whit-107/originals/ELENTA BEIGE P3.jpg,products/glossy/vit-60120-8-50-glo-mar-whit-107/thumbnails/elenta-beige-p3.webp,thumbnails/vit-60120-8-50-glo-mar-whit-107/elenta-beige-p3.webp
ELENTA BEIGE,VIT-60120-8.50-GLO-MAR-WHIT-107,glossy 2.1.zip,glossy 2.1/ELENTA BEIGE/ELENTA BEIGE P4.jpg,product,4,products/glossy/vit-60120-8-50-glo-mar-whit-107/originals/ELENTA BEIGE P4.jpg,products/glossy/vit-60120-8-50-glo-mar-whit-107/thumbnails/elenta-beige-p4.webp,thumbnails/vit-60120-8-50-glo-mar-whit-107/elenta-beige-p4.webp
ELENTA WHITE,VIT-60120-8.50-GLO-MAR-WHIT-108,glossy 2.1.zip,glossy 2.1/ELENTA WHITE/ELENTA WHITE P1.jpg,product,1,products/glossy/vit-60120-8-50-glo-mar-whit-108/originals/ELENTA WHITE P1.jpg,products/glossy/vit-60120-8-50-glo-mar-whit-108/thumbnails/elenta-white-p1.webp,thumbnails/vit-60120-8-50-glo-mar-whit-108/elenta-white-p1.webp
ELENTA WHITE,VIT-60120-8.50-GLO-MAR-WHIT-108,glossy 2.1.zip,glossy 2.1/ELENTA WHITE/ELENTA WHITE P2.jpg,product,2,products/glossy/vit-60120-8-50-glo-mar-whit-108/originals/ELENTA WHITE P2.jpg,products/glossy/vit-60120-8-50-glo-mar-whit-108/thumbnails/elenta-white-p2.webp,thumbnails/vit-60120-8-50-glo-mar-whit-108/elenta-white-p2.webp
ELENTA WHITE,VIT-60120-8.50-GLO-MAR-WHIT-108,glossy 2.1.zip,glossy 2.1/ELENTA WHITE/ELENTA WHITE P3.jpg,product,3,products/glossy/vit-60120-8-50-glo-mar-whit-108/originals/ELENTA WHITE P3.jpg,products/glossy/vit-60120-8-50-glo-mar-whit-108/thumbnails/elenta-white-p3.webp,thumbnails/vit-60120-8-50-glo-mar-whit-108/elenta-white-p3.webp
ELENTA WHITE,VIT-60120-8.50-GLO-MAR-WHIT-108,glossy 2.1.zip,glossy 2.1/ELENTA WHITE/ELENTA WHITE P4.jpg,product,4,products/glossy/vit-60120-8-50-glo-mar-whit-108/originals/ELENTA WHITE P4.jpg,products/glossy/vit-60120-8-50-glo-mar-whit-108/thumbnails/elenta-white-p4.webp,thumbnails/vit-60120-8-50-glo-mar-whit-108/elenta-white-p4.webp
ELENTA WHITE,VIT-60120-8.50-GLO-MAR-WHIT-108,glossy 2.1.zip,glossy 2.1/ELENTA WHITE/ELENTA WHITE P5.jpg,product,5,products/glossy/vit-60120-8-50-glo-mar-whit-108/originals/ELENTA WHITE P5.jpg,products/glossy/vit-60120-8-50-glo-mar-whit-108/thumbnails/elenta-white-p5.webp,thumbnails/vit-60120-8-50-glo-mar-whit-108/elenta-white-p5.webp
EMPRO PATARA BIANCO,VIT-60120-8.50-GLO-MAR-WHIT-109,glossy 2.1.zip,glossy 2.1/EMPRO PATARA BIANCO/EMPRO PATARA BIANCO_P1 .jpg,product,1,products/glossy/vit-60120-8-50-glo-mar-whit-109/originals/EMPRO PATARA BIANCO_P1 .jpg,products/glossy/vit-60120-8-50-glo-mar-whit-109/thumbnails/empro-patara-bianco-p1.webp,thumbnails/vit-60120-8-50-glo-mar-whit-109/empro-patara-bianco-p1.webp
EMPRO PATARA BIANCO,VIT-60120-8.50-GLO-MAR-WHIT-109,glossy 2.1.zip,glossy 2.1/EMPRO PATARA BIANCO/EMPRO PATARA BIANCO_P2 .jpg,product,2,products/glossy/vit-60120-8-50-glo-mar-whit-109/originals/EMPRO PATARA BIANCO_P2 .jpg,products/glossy/vit-60120-8-50-glo-mar-whit-109/thumbnails/empro-patara-bianco-p2.webp,thumbnails/vit-60120-8-50-glo-mar-whit-109/empro-patara-bianco-p2.webp
EMPRO PATARA BIANCO,VIT-60120-8.50-GLO-MAR-WHIT-109,glossy 2.1.zip,glossy 2.1/EMPRO PATARA BIANCO/EMPRO PATARA BIANCO_P3 .jpg,product,3,products/glossy/vit-60120-8-50-glo-mar-whit-109/originals/EMPRO PATARA BIANCO_P3 .jpg,products/glossy/vit-60120-8-50-glo-mar-whit-109/thumbnails/empro-patara-bianco-p3.webp,thumbnails/vit-60120-8-50-glo-mar-whit-109/empro-patara-bianco-p3.webp
EMPRO PATARA BIANCO,VIT-60120-8.50-GLO-MAR-WHIT-109,glossy 2.1.zip,glossy 2.1/EMPRO PATARA BIANCO/EMPRO PATARA BIANCO_P4 .jpg,product,4,products/glossy/vit-60120-8-50-glo-mar-whit-109/originals/EMPRO PATARA BIANCO_P4 .jpg,products/glossy/vit-60120-8-50-glo-mar-whit-109/thumbnails/empro-patara-bianco-p4.webp,thumbnails/vit-60120-8-50-glo-mar-whit-109/empro-patara-bianco-p4.webp
EMPRO PATARA GREY,VIT-60120-8.50-GLO-MAR-WHIT-110,glossy 2.1.zip,glossy 2.1/EMPRO PATARA GREY/EMPRO PATARA GREY_P1 .jpg,product,1,products/glossy/vit-60120-8-50-glo-mar-whit-110/originals/EMPRO PATARA GREY_P1 .jpg,products/glossy/vit-60120-8-50-glo-mar-whit-110/thumbnails/empro-patara-grey-p1.webp,thumbnails/vit-60120-8-50-glo-mar-whit-110/empro-patara-grey-p1.webp
EMPRO PATARA GREY,VIT-60120-8.50-GLO-MAR-WHIT-110,glossy 2.1.zip,glossy 2.1/EMPRO PATARA GREY/EMPRO PATARA GREY_P2 .jpg,product,2,products/glossy/vit-60120-8-50-glo-mar-whit-110/originals/EMPRO PATARA GREY_P2 .jpg,products/glossy/vit-60120-8-50-glo-mar-whit-110/thumbnails/empro-patara-grey-p2.webp,thumbnails/vit-60120-8-50-glo-mar-whit-110/empro-patara-grey-p2.webp
EMPRO PATARA GREY,VIT-60120-8.50-GLO-MAR-WHIT-110,glossy 2.1.zip,glossy 2.1/EMPRO PATARA GREY/EMPRO PATARA GREY_P3 .jpg,product,3,products/glossy/vit-60120-8-50-glo-mar-whit-110/originals/EMPRO PATARA GREY_P3 .jpg,products/glossy/vit-60120-8-50-glo-mar-whit-110/thumbnails/empro-patara-grey-p3.webp,thumbnails/vit-60120-8-50-glo-mar-whit-110/empro-patara-grey-p3.webp
EMPRO PATARA GREY,VIT-60120-8.50-GLO-MAR-WHIT-110,glossy 2.1.zip,glossy 2.1/EMPRO PATARA GREY/EMPRO PATARA GREY_P4 .jpg,product,4,products/glossy/vit-60120-8-50-glo-mar-whit-110/originals/EMPRO PATARA GREY_P4 .jpg,products/glossy/vit-60120-8-50-glo-mar-whit-110/thumbnails/empro-patara-grey-p4.webp,thumbnails/vit-60120-8-50-glo-mar-whit-110/empro-patara-grey-p4.webp
ERIAM BIANCO,VIT-60120-8.50-GLO-MAR-WHIT-111,glossy 2.1.zip,glossy 2.1/ERIAM BIANCO/ERIAM BIANCO_R1.jpg,room,1,products/glossy/vit-60120-8-50-glo-mar-whit-111/originals/ERIAM BIANCO_R1.jpg,products/glossy/vit-60120-8-50-glo-mar-whit-111/thumbnails/eriam-bianco-r1.webp,thumbnails/vit-60120-8-50-glo-mar-whit-111/eriam-bianco-r1.webp
ERIAM BIANCO,VIT-60120-8.50-GLO-MAR-WHIT-111,glossy 2.1.zip,glossy 2.1/ERIAM BIANCO/ERIAM BIANCO_R2.jpg,room,2,products/glossy/vit-60120-8-50-glo-mar-whit-111/originals/ERIAM BIANCO_R2.jpg,products/glossy/vit-60120-8-50-glo-mar-whit-111/thumbnails/eriam-bianco-r2.webp,thumbnails/vit-60120-8-50-glo-mar-whit-111/eriam-bianco-r2.webp
ERIAM BIANCO,VIT-60120-8.50-GLO-MAR-WHIT-111,glossy 2.1.zip,glossy 2.1/ERIAM BIANCO/ERIAM BIANCO_R3.jpg,room,3,products/glossy/vit-60120-8-50-glo-mar-whit-111/originals/ERIAM BIANCO_R3.jpg,products/glossy/vit-60120-8-50-glo-mar-whit-111/thumbnails/eriam-bianco-r3.webp,thumbnails/vit-60120-8-50-glo-mar-whit-111/eriam-bianco-r3.webp
ERIAM BIANCO,VIT-60120-8.50-GLO-MAR-WHIT-111,glossy 2.1.zip,glossy 2.1/ERIAM BIANCO/ERIAM BIANCO_R4.jpg,room,4,products/glossy/vit-60120-8-50-glo-mar-whit-111/originals/ERIAM BIANCO_R4.jpg,products/glossy/vit-60120-8-50-glo-mar-whit-111/thumbnails/eriam-bianco-r4.webp,thumbnails/vit-60120-8-50-glo-mar-whit-111/eriam-bianco-r4.webp
ERIAM NATURAL,VIT-60120-8.50-GLO-MAR-WHIT-112,glossy 2.1.zip,glossy 2.1/ERIAM NATURAL/ERIAM NATURAL_R1.jpg,room,1,products/glossy/vit-60120-8-50-glo-mar-whit-112/originals/ERIAM NATURAL_R1.jpg,products/glossy/vit-60120-8-50-glo-mar-whit-112/thumbnails/eriam-natural-r1.webp,thumbnails/vit-60120-8-50-glo-mar-whit-112/eriam-natural-r1.webp
ERIAM NATURAL,VIT-60120-8.50-GLO-MAR-WHIT-112,glossy 2.1.zip,glossy 2.1/ERIAM NATURAL/ERIAM NATURAL_R2.jpg,room,2,products/glossy/vit-60120-8-50-glo-mar-whit-112/originals/ERIAM NATURAL_R2.jpg,products/glossy/vit-60120-8-50-glo-mar-whit-112/thumbnails/eriam-natural-r2.webp,thumbnails/vit-60120-8-50-glo-mar-whit-112/eriam-natural-r2.webp
ERIAM NATURAL,VIT-60120-8.50-GLO-MAR-WHIT-112,glossy 2.1.zip,glossy 2.1/ERIAM NATURAL/ERIAM NATURAL_R3.jpg,room,3,products/glossy/vit-60120-8-50-glo-mar-whit-112/originals/ERIAM NATURAL_R3.jpg,products/glossy/vit-60120-8-50-glo-mar-whit-112/thumbnails/eriam-natural-r3.webp,thumbnails/vit-60120-8-50-glo-mar-whit-112/eriam-natural-r3.webp
ERIAM NATURAL,VIT-60120-8.50-GLO-MAR-WHIT-112,glossy 2.1.zip,glossy 2.1/ERIAM NATURAL/ERIAM NATURAL_R4.jpg,room,4,products/glossy/vit-60120-8-50-glo-mar-whit-112/originals/ERIAM NATURAL_R4.jpg,products/glossy/vit-60120-8-50-glo-mar-whit-112/thumbnails/eriam-natural-r4.webp,thumbnails/vit-60120-8-50-glo-mar-whit-112/eriam-natural-r4.webp
EXOTIC RIVER,VIT-60120-8.50-GLO-MAR-WHIT-113,glossy 2.1.zip,glossy 2.1/EXOTIC RIVER/EXOTIC RIVER  P1.jpg,product,1,products/glossy/vit-60120-8-50-glo-mar-whit-113/originals/EXOTIC RIVER  P1.jpg,products/glossy/vit-60120-8-50-glo-mar-whit-113/thumbnails/exotic-river-p1.webp,thumbnails/vit-60120-8-50-glo-mar-whit-113/exotic-river-p1.webp
EXOTIC RIVER,VIT-60120-8.50-GLO-MAR-WHIT-113,glossy 2.1.zip,glossy 2.1/EXOTIC RIVER/EXOTIC RIVER  P2.jpg,product,2,products/glossy/vit-60120-8-50-glo-mar-whit-113/originals/EXOTIC RIVER  P2.jpg,products/glossy/vit-60120-8-50-glo-mar-whit-113/thumbnails/exotic-river-p2.webp,thumbnails/vit-60120-8-50-glo-mar-whit-113/exotic-river-p2.webp
EXOTIC RIVER,VIT-60120-8.50-GLO-MAR-WHIT-113,glossy 2.1.zip,glossy 2.1/EXOTIC RIVER/EXOTIC RIVER  P3.jpg,product,3,products/glossy/vit-60120-8-50-glo-mar-whit-113/originals/EXOTIC RIVER  P3.jpg,products/glossy/vit-60120-8-50-glo-mar-whit-113/thumbnails/exotic-river-p3.webp,thumbnails/vit-60120-8-50-glo-mar-whit-113/exotic-river-p3.webp
EXTRANAL STONE,VIT-60120-8.50-GLO-MAR-WHIT-114,glossy 2.1.zip,glossy 2.1/EXTRANAL STONE/EXTRANAL STONE P1.jpg,product,1,products/glossy/vit-60120-8-50-glo-mar-whit-114/originals/EXTRANAL STONE P1.jpg,products/glossy/vit-60120-8-50-glo-mar-whit-114/thumbnails/extranal-stone-p1.webp,thumbnails/vit-60120-8-50-glo-mar-whit-114/extranal-stone-p1.webp
EXTRANAL STONE,VIT-60120-8.50-GLO-MAR-WHIT-114,glossy 2.1.zip,glossy 2.1/EXTRANAL STONE/EXTRANAL STONE P2.jpg,product,2,products/glossy/vit-60120-8-50-glo-mar-whit-114/originals/EXTRANAL STONE P2.jpg,products/glossy/vit-60120-8-50-glo-mar-whit-114/thumbnails/extranal-stone-p2.webp,thumbnails/vit-60120-8-50-glo-mar-whit-114/extranal-stone-p2.webp
EXTRANAL STONE,VIT-60120-8.50-GLO-MAR-WHIT-114,glossy 2.1.zip,glossy 2.1/EXTRANAL STONE/EXTRANAL STONE P3.jpg,product,3,products/glossy/vit-60120-8-50-glo-mar-whit-114/originals/EXTRANAL STONE P3.jpg,products/glossy/vit-60120-8-50-glo-mar-whit-114/thumbnails/extranal-stone-p3.webp,thumbnails/vit-60120-8-50-glo-mar-whit-114/extranal-stone-p3.webp
FARON BEIGE,VIT-60120-8.50-GLO-MAR-WHIT-115,glossy 3.zip,glossy 3/FARON BEIGE/FARON BEIGE_P1.jpg,product,1,products/glossy/vit-60120-8-50-glo-mar-whit-115/originals/FARON BEIGE_P1.jpg,products/glossy/vit-60120-8-50-glo-mar-whit-115/thumbnails/faron-beige-p1.webp,thumbnails/vit-60120-8-50-glo-mar-whit-115/faron-beige-p1.webp
FARON BEIGE,VIT-60120-8.50-GLO-MAR-WHIT-115,glossy 3.zip,glossy 3/FARON BEIGE/FARON BEIGE_P2.jpg,product,2,products/glossy/vit-60120-8-50-glo-mar-whit-115/originals/FARON BEIGE_P2.jpg,products/glossy/vit-60120-8-50-glo-mar-whit-115/thumbnails/faron-beige-p2.webp,thumbnails/vit-60120-8-50-glo-mar-whit-115/faron-beige-p2.webp
FARON BEIGE,VIT-60120-8.50-GLO-MAR-WHIT-115,glossy 3.zip,glossy 3/FARON BEIGE/FARON BEIGE_P3.jpg,product,3,products/glossy/vit-60120-8-50-glo-mar-whit-115/originals/FARON BEIGE_P3.jpg,products/glossy/vit-60120-8-50-glo-mar-whit-115/thumbnails/faron-beige-p3.webp,thumbnails/vit-60120-8-50-glo-mar-whit-115/faron-beige-p3.webp
FARON BEIGE,VIT-60120-8.50-GLO-MAR-WHIT-115,glossy 3.zip,glossy 3/FARON BEIGE/FARON BEIGE_P4.jpg,product,4,products/glossy/vit-60120-8-50-glo-mar-whit-115/originals/FARON BEIGE_P4.jpg,products/glossy/vit-60120-8-50-glo-mar-whit-115/thumbnails/faron-beige-p4.webp,thumbnails/vit-60120-8-50-glo-mar-whit-115/faron-beige-p4.webp
FARON BEIGE,VIT-60120-8.50-GLO-MAR-WHIT-115,glossy 3.zip,glossy 3/FARON BEIGE/FARON BEIGE_P5.jpg,product,5,products/glossy/vit-60120-8-50-glo-mar-whit-115/originals/FARON BEIGE_P5.jpg,products/glossy/vit-60120-8-50-glo-mar-whit-115/thumbnails/faron-beige-p5.webp,thumbnails/vit-60120-8-50-glo-mar-whit-115/faron-beige-p5.webp
FARON BIANCO,VIT-60120-8.50-GLO-MAR-WHIT-116,glossy 3.zip,glossy 3/FARON BIANCO/FARON BIANCO_P1.jpg,product,1,products/glossy/vit-60120-8-50-glo-mar-whit-116/originals/FARON BIANCO_P1.jpg,products/glossy/vit-60120-8-50-glo-mar-whit-116/thumbnails/faron-bianco-p1.webp,thumbnails/vit-60120-8-50-glo-mar-whit-116/faron-bianco-p1.webp
FARON BIANCO,VIT-60120-8.50-GLO-MAR-WHIT-116,glossy 3.zip,glossy 3/FARON BIANCO/FARON BIANCO_P2.jpg,product,2,products/glossy/vit-60120-8-50-glo-mar-whit-116/originals/FARON BIANCO_P2.jpg,products/glossy/vit-60120-8-50-glo-mar-whit-116/thumbnails/faron-bianco-p2.webp,thumbnails/vit-60120-8-50-glo-mar-whit-116/faron-bianco-p2.webp
FARON BIANCO,VIT-60120-8.50-GLO-MAR-WHIT-116,glossy 3.zip,glossy 3/FARON BIANCO/FARON BIANCO_P3.jpg,product,3,products/glossy/vit-60120-8-50-glo-mar-whit-116/originals/FARON BIANCO_P3.jpg,products/glossy/vit-60120-8-50-glo-mar-whit-116/thumbnails/faron-bianco-p3.webp,thumbnails/vit-60120-8-50-glo-mar-whit-116/faron-bianco-p3.webp
FARON BIANCO,VIT-60120-8.50-GLO-MAR-WHIT-116,glossy 3.zip,glossy 3/FARON BIANCO/FARON BIANCO_P4.jpg,product,4,products/glossy/vit-60120-8-50-glo-mar-whit-116/originals/FARON BIANCO_P4.jpg,products/glossy/vit-60120-8-50-glo-mar-whit-116/thumbnails/faron-bianco-p4.webp,thumbnails/vit-60120-8-50-glo-mar-whit-116/faron-bianco-p4.webp
FARON BIANCO,VIT-60120-8.50-GLO-MAR-WHIT-116,glossy 3.zip,glossy 3/FARON BIANCO/FARON BIANCO_P5.jpg,product,5,products/glossy/vit-60120-8-50-glo-mar-whit-116/originals/FARON BIANCO_P5.jpg,products/glossy/vit-60120-8-50-glo-mar-whit-116/thumbnails/faron-bianco-p5.webp,thumbnails/vit-60120-8-50-glo-mar-whit-116/faron-bianco-p5.webp
FARON NATURAL,VIT-60120-8.50-GLO-MAR-WHIT-117,glossy 3.zip,glossy 3/FARON NATURAL/FARON NATURAL_P1.jpg,product,1,products/glossy/vit-60120-8-50-glo-mar-whit-117/originals/FARON NATURAL_P1.jpg,products/glossy/vit-60120-8-50-glo-mar-whit-117/thumbnails/faron-natural-p1.webp,thumbnails/vit-60120-8-50-glo-mar-whit-117/faron-natural-p1.webp
FARON NATURAL,VIT-60120-8.50-GLO-MAR-WHIT-117,glossy 3.zip,glossy 3/FARON NATURAL/FARON NATURAL_P2.jpg,product,2,products/glossy/vit-60120-8-50-glo-mar-whit-117/originals/FARON NATURAL_P2.jpg,products/glossy/vit-60120-8-50-glo-mar-whit-117/thumbnails/faron-natural-p2.webp,thumbnails/vit-60120-8-50-glo-mar-whit-117/faron-natural-p2.webp
FARON NATURAL,VIT-60120-8.50-GLO-MAR-WHIT-117,glossy 3.zip,glossy 3/FARON NATURAL/FARON NATURAL_P3.jpg,product,3,products/glossy/vit-60120-8-50-glo-mar-whit-117/originals/FARON NATURAL_P3.jpg,products/glossy/vit-60120-8-50-glo-mar-whit-117/thumbnails/faron-natural-p3.webp,thumbnails/vit-60120-8-50-glo-mar-whit-117/faron-natural-p3.webp
FARON NATURAL,VIT-60120-8.50-GLO-MAR-WHIT-117,glossy 3.zip,glossy 3/FARON NATURAL/FARON NATURAL_P4.jpg,product,4,products/glossy/vit-60120-8-50-glo-mar-whit-117/originals/FARON NATURAL_P4.jpg,products/glossy/vit-60120-8-50-glo-mar-whit-117/thumbnails/faron-natural-p4.webp,thumbnails/vit-60120-8-50-glo-mar-whit-117/faron-natural-p4.webp
FARON NATURAL,VIT-60120-8.50-GLO-MAR-WHIT-117,glossy 3.zip,glossy 3/FARON NATURAL/FARON NATURAL_P5.jpg,product,5,products/glossy/vit-60120-8-50-glo-mar-whit-117/originals/FARON NATURAL_P5.jpg,products/glossy/vit-60120-8-50-glo-mar-whit-117/thumbnails/faron-natural-p5.webp,thumbnails/vit-60120-8-50-glo-mar-whit-117/faron-natural-p5.webp
GILITER BROWN,VIT-60120-8.50-GLO-MAR-WHIT-118,glossy 3.zip,glossy 3/GILITER BROWN/GILITER BROWN P1.jpg,product,1,products/glossy/vit-60120-8-50-glo-mar-whit-118/originals/GILITER BROWN P1.jpg,products/glossy/vit-60120-8-50-glo-mar-whit-118/thumbnails/giliter-brown-p1.webp,thumbnails/vit-60120-8-50-glo-mar-whit-118/giliter-brown-p1.webp
GILITER BROWN,VIT-60120-8.50-GLO-MAR-WHIT-118,glossy 3.zip,glossy 3/GILITER BROWN/GILITER BROWN P2.jpg,product,2,products/glossy/vit-60120-8-50-glo-mar-whit-118/originals/GILITER BROWN P2.jpg,products/glossy/vit-60120-8-50-glo-mar-whit-118/thumbnails/giliter-brown-p2.webp,thumbnails/vit-60120-8-50-glo-mar-whit-118/giliter-brown-p2.webp
GILITER BROWN,VIT-60120-8.50-GLO-MAR-WHIT-118,glossy 3.zip,glossy 3/GILITER BROWN/GILITER BROWN P3.jpg,product,3,products/glossy/vit-60120-8-50-glo-mar-whit-118/originals/GILITER BROWN P3.jpg,products/glossy/vit-60120-8-50-glo-mar-whit-118/thumbnails/giliter-brown-p3.webp,thumbnails/vit-60120-8-50-glo-mar-whit-118/giliter-brown-p3.webp
GILITER BROWN,VIT-60120-8.50-GLO-MAR-WHIT-118,glossy 3.zip,glossy 3/GILITER BROWN/GILITER BROWN P4.jpg,product,4,products/glossy/vit-60120-8-50-glo-mar-whit-118/originals/GILITER BROWN P4.jpg,products/glossy/vit-60120-8-50-glo-mar-whit-118/thumbnails/giliter-brown-p4.webp,thumbnails/vit-60120-8-50-glo-mar-whit-118/giliter-brown-p4.webp
GILITER BROWN,VIT-60120-8.50-GLO-MAR-WHIT-118,glossy 3.zip,glossy 3/GILITER BROWN/GILITER BROWN P5.jpg,product,5,products/glossy/vit-60120-8-50-glo-mar-whit-118/originals/GILITER BROWN P5.jpg,products/glossy/vit-60120-8-50-glo-mar-whit-118/thumbnails/giliter-brown-p5.webp,thumbnails/vit-60120-8-50-glo-mar-whit-118/giliter-brown-p5.webp
GILITER CREMA,VIT-60120-8.50-GLO-MAR-WHIT-119,glossy 3.zip,glossy 3/GILITER CREMA/GILITER CREMA P1.jpg,product,1,products/glossy/vit-60120-8-50-glo-mar-whit-119/originals/GILITER CREMA P1.jpg,products/glossy/vit-60120-8-50-glo-mar-whit-119/thumbnails/giliter-crema-p1.webp,thumbnails/vit-60120-8-50-glo-mar-whit-119/giliter-crema-p1.webp
GILITER CREMA,VIT-60120-8.50-GLO-MAR-WHIT-119,glossy 3.zip,glossy 3/GILITER CREMA/GILITER CREMA P2.jpg,product,2,products/glossy/vit-60120-8-50-glo-mar-whit-119/originals/GILITER CREMA P2.jpg,products/glossy/vit-60120-8-50-glo-mar-whit-119/thumbnails/giliter-crema-p2.webp,thumbnails/vit-60120-8-50-glo-mar-whit-119/giliter-crema-p2.webp
GILITER CREMA,VIT-60120-8.50-GLO-MAR-WHIT-119,glossy 3.zip,glossy 3/GILITER CREMA/GILITER CREMA P3.jpg,product,3,products/glossy/vit-60120-8-50-glo-mar-whit-119/originals/GILITER CREMA P3.jpg,products/glossy/vit-60120-8-50-glo-mar-whit-119/thumbnails/giliter-crema-p3.webp,thumbnails/vit-60120-8-50-glo-mar-whit-119/giliter-crema-p3.webp
GILITER CREMA,VIT-60120-8.50-GLO-MAR-WHIT-119,glossy 3.zip,glossy 3/GILITER CREMA/GILITER CREMA P4.jpg,product,4,products/glossy/vit-60120-8-50-glo-mar-whit-119/originals/GILITER CREMA P4.jpg,products/glossy/vit-60120-8-50-glo-mar-whit-119/thumbnails/giliter-crema-p4.webp,thumbnails/vit-60120-8-50-glo-mar-whit-119/giliter-crema-p4.webp
GILITER CREMA,VIT-60120-8.50-GLO-MAR-WHIT-119,glossy 3.zip,glossy 3/GILITER CREMA/GILITER CREMA P5.jpg,product,5,products/glossy/vit-60120-8-50-glo-mar-whit-119/originals/GILITER CREMA P5.jpg,products/glossy/vit-60120-8-50-glo-mar-whit-119/thumbnails/giliter-crema-p5.webp,thumbnails/vit-60120-8-50-glo-mar-whit-119/giliter-crema-p5.webp
GOTTINA GREY,VIT-60120-8.50-GLO-MAR-WHIT-120,glossy 3.zip,glossy 3/GOTTINA GREY/GOTTINA GREY P1.jpg,product,1,products/glossy/vit-60120-8-50-glo-mar-whit-120/originals/GOTTINA GREY P1.jpg,products/glossy/vit-60120-8-50-glo-mar-whit-120/thumbnails/gottina-grey-p1.webp,thumbnails/vit-60120-8-50-glo-mar-whit-120/gottina-grey-p1.webp
GOTTINA GREY,VIT-60120-8.50-GLO-MAR-WHIT-120,glossy 3.zip,glossy 3/GOTTINA GREY/GOTTINA GREY p2.jpg,product,2,products/glossy/vit-60120-8-50-glo-mar-whit-120/originals/GOTTINA GREY p2.jpg,products/glossy/vit-60120-8-50-glo-mar-whit-120/thumbnails/gottina-grey-p2.webp,thumbnails/vit-60120-8-50-glo-mar-whit-120/gottina-grey-p2.webp
GOTTINA GREY,VIT-60120-8.50-GLO-MAR-WHIT-120,glossy 3.zip,glossy 3/GOTTINA GREY/GOTTINA GREY p3.jpg,product,3,products/glossy/vit-60120-8-50-glo-mar-whit-120/originals/GOTTINA GREY p3.jpg,products/glossy/vit-60120-8-50-glo-mar-whit-120/thumbnails/gottina-grey-p3.webp,thumbnails/vit-60120-8-50-glo-mar-whit-120/gottina-grey-p3.webp
GOTTINA GREY,VIT-60120-8.50-GLO-MAR-WHIT-120,glossy 3.zip,glossy 3/GOTTINA GREY/GOTTINA GREY p4.jpg,product,4,products/glossy/vit-60120-8-50-glo-mar-whit-120/originals/GOTTINA GREY p4.jpg,products/glossy/vit-60120-8-50-glo-mar-whit-120/thumbnails/gottina-grey-p4.webp,thumbnails/vit-60120-8-50-glo-mar-whit-120/gottina-grey-p4.webp
GRAND CLASSIC BLUE,VIT-60120-8.50-GLO-MAR-WHIT-121,glossy 3.zip,glossy 3/GRAND CLASSIC BLUE/GRAND CLASSIC BLUE_P1 .jpg,product,1,products/glossy/vit-60120-8-50-glo-mar-whit-121/originals/GRAND CLASSIC BLUE_P1 .jpg,products/glossy/vit-60120-8-50-glo-mar-whit-121/thumbnails/grand-classic-blue-p1.webp,thumbnails/vit-60120-8-50-glo-mar-whit-121/grand-classic-blue-p1.webp
GRAND CLASSIC BLUE,VIT-60120-8.50-GLO-MAR-WHIT-121,glossy 3.zip,glossy 3/GRAND CLASSIC BLUE/GRAND CLASSIC BLUE_P2 .jpg,product,2,products/glossy/vit-60120-8-50-glo-mar-whit-121/originals/GRAND CLASSIC BLUE_P2 .jpg,products/glossy/vit-60120-8-50-glo-mar-whit-121/thumbnails/grand-classic-blue-p2.webp,thumbnails/vit-60120-8-50-glo-mar-whit-121/grand-classic-blue-p2.webp
GRAND CLASSIC BROWN,VIT-60120-8.50-GLO-MAR-WHIT-122,glossy 3.zip,glossy 3/GRAND CLASSIC BROWN/GRAND CLASSIC BROWN_P1.jpg,product,1,products/glossy/vit-60120-8-50-glo-mar-whit-122/originals/GRAND CLASSIC BROWN_P1.jpg,products/glossy/vit-60120-8-50-glo-mar-whit-122/thumbnails/grand-classic-brown-p1.webp,thumbnails/vit-60120-8-50-glo-mar-whit-122/grand-classic-brown-p1.webp
GRAND CLASSIC BROWN,VIT-60120-8.50-GLO-MAR-WHIT-122,glossy 3.zip,glossy 3/GRAND CLASSIC BROWN/GRAND CLASSIC BROWN_P2 .jpg,product,2,products/glossy/vit-60120-8-50-glo-mar-whit-122/originals/GRAND CLASSIC BROWN_P2 .jpg,products/glossy/vit-60120-8-50-glo-mar-whit-122/thumbnails/grand-classic-brown-p2.webp,thumbnails/vit-60120-8-50-glo-mar-whit-122/grand-classic-brown-p2.webp
HARVEST BEIGE,VIT-60120-8.50-GLO-MAR-WHIT-123,glossy 3.2.zip,glossy 3.2/HARVEST BEIGE/HARVEST BEIGE_P1.jpg,product,1,products/glossy/vit-60120-8-50-glo-mar-whit-123/originals/HARVEST BEIGE_P1.jpg,products/glossy/vit-60120-8-50-glo-mar-whit-123/thumbnails/harvest-beige-p1.webp,thumbnails/vit-60120-8-50-glo-mar-whit-123/harvest-beige-p1.webp
HARVEST BEIGE,VIT-60120-8.50-GLO-MAR-WHIT-123,glossy 3.2.zip,glossy 3.2/HARVEST BEIGE/HARVEST BEIGE_P2.jpg,product,2,products/glossy/vit-60120-8-50-glo-mar-whit-123/originals/HARVEST BEIGE_P2.jpg,products/glossy/vit-60120-8-50-glo-mar-whit-123/thumbnails/harvest-beige-p2.webp,thumbnails/vit-60120-8-50-glo-mar-whit-123/harvest-beige-p2.webp
HARVEST BEIGE,VIT-60120-8.50-GLO-MAR-WHIT-123,glossy 3.2.zip,glossy 3.2/HARVEST BEIGE/HARVEST BEIGE_P3.jpg,product,3,products/glossy/vit-60120-8-50-glo-mar-whit-123/originals/HARVEST BEIGE_P3.jpg,products/glossy/vit-60120-8-50-glo-mar-whit-123/thumbnails/harvest-beige-p3.webp,thumbnails/vit-60120-8-50-glo-mar-whit-123/harvest-beige-p3.webp
HARVEST BIANCO,VIT-60120-8.50-GLO-MAR-WHIT-124,glossy 3.2.zip,glossy 3.2/HARVEST BIANCO/HARVEST BIANCO P1.jpg,product,1,products/glossy/vit-60120-8-50-glo-mar-whit-124/originals/HARVEST BIANCO P1.jpg,products/glossy/vit-60120-8-50-glo-mar-whit-124/thumbnails/harvest-bianco-p1.webp,thumbnails/vit-60120-8-50-glo-mar-whit-124/harvest-bianco-p1.webp
HARVEST BIANCO,VIT-60120-8.50-GLO-MAR-WHIT-124,glossy 3.2.zip,glossy 3.2/HARVEST BIANCO/HARVEST BIANCO P2.jpg,product,2,products/glossy/vit-60120-8-50-glo-mar-whit-124/originals/HARVEST BIANCO P2.jpg,products/glossy/vit-60120-8-50-glo-mar-whit-124/thumbnails/harvest-bianco-p2.webp,thumbnails/vit-60120-8-50-glo-mar-whit-124/harvest-bianco-p2.webp
HARVEST BIANCO,VIT-60120-8.50-GLO-MAR-WHIT-124,glossy 3.2.zip,glossy 3.2/HARVEST BIANCO/HARVEST BIANCO P3.jpg,product,3,products/glossy/vit-60120-8-50-glo-mar-whit-124/originals/HARVEST BIANCO P3.jpg,products/glossy/vit-60120-8-50-glo-mar-whit-124/thumbnails/harvest-bianco-p3.webp,thumbnails/vit-60120-8-50-glo-mar-whit-124/harvest-bianco-p3.webp
HARVEST BIANCO,VIT-60120-8.50-GLO-MAR-WHIT-124,glossy 3.2.zip,glossy 3.2/HARVEST BIANCO/HARVEST BIANCO P4.jpg,product,4,products/glossy/vit-60120-8-50-glo-mar-whit-124/originals/HARVEST BIANCO P4.jpg,products/glossy/vit-60120-8-50-glo-mar-whit-124/thumbnails/harvest-bianco-p4.webp,thumbnails/vit-60120-8-50-glo-mar-whit-124/harvest-bianco-p4.webp
ICOINC WHITE,VIT-60120-8.50-GLO-MAR-WHIT-125,glossy 3.2.zip,glossy 3.2/ICOINC WHITE/ICOINC WHITE_R1.jpg,room,1,products/glossy/vit-60120-8-50-glo-mar-whit-125/originals/ICOINC WHITE_R1.jpg,products/glossy/vit-60120-8-50-glo-mar-whit-125/thumbnails/icoinc-white-r1.webp,thumbnails/vit-60120-8-50-glo-mar-whit-125/icoinc-white-r1.webp
ICOINC WHITE,VIT-60120-8.50-GLO-MAR-WHIT-125,glossy 3.2.zip,glossy 3.2/ICOINC WHITE/ICOINC WHITE_R2.jpg,room,2,products/glossy/vit-60120-8-50-glo-mar-whit-125/originals/ICOINC WHITE_R2.jpg,products/glossy/vit-60120-8-50-glo-mar-whit-125/thumbnails/icoinc-white-r2.webp,thumbnails/vit-60120-8-50-glo-mar-whit-125/icoinc-white-r2.webp
ICOINC WHITE,VIT-60120-8.50-GLO-MAR-WHIT-125,glossy 3.2.zip,glossy 3.2/ICOINC WHITE/ICOINC WHITE_R3.jpg,room,3,products/glossy/vit-60120-8-50-glo-mar-whit-125/originals/ICOINC WHITE_R3.jpg,products/glossy/vit-60120-8-50-glo-mar-whit-125/thumbnails/icoinc-white-r3.webp,thumbnails/vit-60120-8-50-glo-mar-whit-125/icoinc-white-r3.webp
ICOINC WHITE,VIT-60120-8.50-GLO-MAR-WHIT-125,glossy 3.2.zip,glossy 3.2/ICOINC WHITE/ICOINC WHITE_R4.jpg,room,4,products/glossy/vit-60120-8-50-glo-mar-whit-125/originals/ICOINC WHITE_R4.jpg,products/glossy/vit-60120-8-50-glo-mar-whit-125/thumbnails/icoinc-white-r4.webp,thumbnails/vit-60120-8-50-glo-mar-whit-125/icoinc-white-r4.webp
ILLUSION NATURAL,VIT-60120-8.50-GLO-MAR-WHIT-126,glossy 3.2.zip,glossy 3.2/ILLUSION NATURAL/ILLUSION NATURAL P1.jpg,product,1,products/glossy/vit-60120-8-50-glo-mar-whit-126/originals/ILLUSION NATURAL P1.jpg,products/glossy/vit-60120-8-50-glo-mar-whit-126/thumbnails/illusion-natural-p1.webp,thumbnails/vit-60120-8-50-glo-mar-whit-126/illusion-natural-p1.webp
ILLUSION NATURAL,VIT-60120-8.50-GLO-MAR-WHIT-126,glossy 3.2.zip,glossy 3.2/ILLUSION NATURAL/ILLUSION NATURAL P2.jpg,product,2,products/glossy/vit-60120-8-50-glo-mar-whit-126/originals/ILLUSION NATURAL P2.jpg,products/glossy/vit-60120-8-50-glo-mar-whit-126/thumbnails/illusion-natural-p2.webp,thumbnails/vit-60120-8-50-glo-mar-whit-126/illusion-natural-p2.webp
ILLUSION NATURAL,VIT-60120-8.50-GLO-MAR-WHIT-126,glossy 3.2.zip,glossy 3.2/ILLUSION NATURAL/ILLUSION NATURAL P3.jpg,product,3,products/glossy/vit-60120-8-50-glo-mar-whit-126/originals/ILLUSION NATURAL P3.jpg,products/glossy/vit-60120-8-50-glo-mar-whit-126/thumbnails/illusion-natural-p3.webp,thumbnails/vit-60120-8-50-glo-mar-whit-126/illusion-natural-p3.webp
ILLUSION NATURAL,VIT-60120-8.50-GLO-MAR-WHIT-126,glossy 3.2.zip,glossy 3.2/ILLUSION NATURAL/ILLUSION NATURAL P4.jpg,product,4,products/glossy/vit-60120-8-50-glo-mar-whit-126/originals/ILLUSION NATURAL P4.jpg,products/glossy/vit-60120-8-50-glo-mar-whit-126/thumbnails/illusion-natural-p4.webp,thumbnails/vit-60120-8-50-glo-mar-whit-126/illusion-natural-p4.webp
ILLUSION NATURAL,VIT-60120-8.50-GLO-MAR-WHIT-126,glossy 3.2.zip,glossy 3.2/ILLUSION NATURAL/ILLUSION NATURAL P5.jpg,product,5,products/glossy/vit-60120-8-50-glo-mar-whit-126/originals/ILLUSION NATURAL P5.jpg,products/glossy/vit-60120-8-50-glo-mar-whit-126/thumbnails/illusion-natural-p5.webp,thumbnails/vit-60120-8-50-glo-mar-whit-126/illusion-natural-p5.webp
ILLUSION OCHRE,VIT-60120-8.50-GLO-MAR-WHIT-127,glossy 3.2.zip,glossy 3.2/ILLUSION OCHRE/ILLUSION OCHRE P1.jpg,product,1,products/glossy/vit-60120-8-50-glo-mar-whit-127/originals/ILLUSION OCHRE P1.jpg,products/glossy/vit-60120-8-50-glo-mar-whit-127/thumbnails/illusion-ochre-p1.webp,thumbnails/vit-60120-8-50-glo-mar-whit-127/illusion-ochre-p1.webp
ILLUSION OCHRE,VIT-60120-8.50-GLO-MAR-WHIT-127,glossy 3.2.zip,glossy 3.2/ILLUSION OCHRE/ILLUSION OCHRE P2.jpg,product,2,products/glossy/vit-60120-8-50-glo-mar-whit-127/originals/ILLUSION OCHRE P2.jpg,products/glossy/vit-60120-8-50-glo-mar-whit-127/thumbnails/illusion-ochre-p2.webp,thumbnails/vit-60120-8-50-glo-mar-whit-127/illusion-ochre-p2.webp
ILLUSION OCHRE,VIT-60120-8.50-GLO-MAR-WHIT-127,glossy 3.2.zip,glossy 3.2/ILLUSION OCHRE/ILLUSION OCHRE P3.jpg,product,3,products/glossy/vit-60120-8-50-glo-mar-whit-127/originals/ILLUSION OCHRE P3.jpg,products/glossy/vit-60120-8-50-glo-mar-whit-127/thumbnails/illusion-ochre-p3.webp,thumbnails/vit-60120-8-50-glo-mar-whit-127/illusion-ochre-p3.webp
ILLUSION OCHRE,VIT-60120-8.50-GLO-MAR-WHIT-127,glossy 3.2.zip,glossy 3.2/ILLUSION OCHRE/ILLUSION OCHRE P4.jpg,product,4,products/glossy/vit-60120-8-50-glo-mar-whit-127/originals/ILLUSION OCHRE P4.jpg,products/glossy/vit-60120-8-50-glo-mar-whit-127/thumbnails/illusion-ochre-p4.webp,thumbnails/vit-60120-8-50-glo-mar-whit-127/illusion-ochre-p4.webp
ILLUSION OCHRE,VIT-60120-8.50-GLO-MAR-WHIT-127,glossy 3.2.zip,glossy 3.2/ILLUSION OCHRE/ILLUSION OCHRE P5.jpg,product,5,products/glossy/vit-60120-8-50-glo-mar-whit-127/originals/ILLUSION OCHRE P5.jpg,products/glossy/vit-60120-8-50-glo-mar-whit-127/thumbnails/illusion-ochre-p5.webp,thumbnails/vit-60120-8-50-glo-mar-whit-127/illusion-ochre-p5.webp
ILLUSION PEACH,VIT-60120-8.50-GLO-MAR-WHIT-128,glossy 3.2.zip,glossy 3.2/ILLUSION PEACH/ILLUSION PEACH P1.jpg,product,1,products/glossy/vit-60120-8-50-glo-mar-whit-128/originals/ILLUSION PEACH P1.jpg,products/glossy/vit-60120-8-50-glo-mar-whit-128/thumbnails/illusion-peach-p1.webp,thumbnails/vit-60120-8-50-glo-mar-whit-128/illusion-peach-p1.webp
ILLUSION PEACH,VIT-60120-8.50-GLO-MAR-WHIT-128,glossy 3.2.zip,glossy 3.2/ILLUSION PEACH/ILLUSION PEACH P2.jpg,product,2,products/glossy/vit-60120-8-50-glo-mar-whit-128/originals/ILLUSION PEACH P2.jpg,products/glossy/vit-60120-8-50-glo-mar-whit-128/thumbnails/illusion-peach-p2.webp,thumbnails/vit-60120-8-50-glo-mar-whit-128/illusion-peach-p2.webp
ILLUSION PEACH,VIT-60120-8.50-GLO-MAR-WHIT-128,glossy 3.2.zip,glossy 3.2/ILLUSION PEACH/ILLUSION PEACH P3.jpg,product,3,products/glossy/vit-60120-8-50-glo-mar-whit-128/originals/ILLUSION PEACH P3.jpg,products/glossy/vit-60120-8-50-glo-mar-whit-128/thumbnails/illusion-peach-p3.webp,thumbnails/vit-60120-8-50-glo-mar-whit-128/illusion-peach-p3.webp
ILLUSION PEACH,VIT-60120-8.50-GLO-MAR-WHIT-128,glossy 3.2.zip,glossy 3.2/ILLUSION PEACH/ILLUSION PEACH P4.jpg,product,4,products/glossy/vit-60120-8-50-glo-mar-whit-128/originals/ILLUSION PEACH P4.jpg,products/glossy/vit-60120-8-50-glo-mar-whit-128/thumbnails/illusion-peach-p4.webp,thumbnails/vit-60120-8-50-glo-mar-whit-128/illusion-peach-p4.webp
ILLUSION PEACH,VIT-60120-8.50-GLO-MAR-WHIT-128,glossy 3.2.zip,glossy 3.2/ILLUSION PEACH/ILLUSION PEACH P5.jpg,product,5,products/glossy/vit-60120-8-50-glo-mar-whit-128/originals/ILLUSION PEACH P5.jpg,products/glossy/vit-60120-8-50-glo-mar-whit-128/thumbnails/illusion-peach-p5.webp,thumbnails/vit-60120-8-50-glo-mar-whit-128/illusion-peach-p5.webp
ILLUSION RIVER,VIT-60120-8.50-GLO-MAR-WHIT-129,glossy 3.2.zip,glossy 3.2/ILLUSION RIVER/ILLUSION RIVER P1.jpg,product,1,products/glossy/vit-60120-8-50-glo-mar-whit-129/originals/ILLUSION RIVER P1.jpg,products/glossy/vit-60120-8-50-glo-mar-whit-129/thumbnails/illusion-river-p1.webp,thumbnails/vit-60120-8-50-glo-mar-whit-129/illusion-river-p1.webp
ILLUSION RIVER,VIT-60120-8.50-GLO-MAR-WHIT-129,glossy 3.2.zip,glossy 3.2/ILLUSION RIVER/ILLUSION RIVER P2.jpg,product,2,products/glossy/vit-60120-8-50-glo-mar-whit-129/originals/ILLUSION RIVER P2.jpg,products/glossy/vit-60120-8-50-glo-mar-whit-129/thumbnails/illusion-river-p2.webp,thumbnails/vit-60120-8-50-glo-mar-whit-129/illusion-river-p2.webp
ILLUSION RIVER,VIT-60120-8.50-GLO-MAR-WHIT-129,glossy 3.2.zip,glossy 3.2/ILLUSION RIVER/ILLUSION RIVER P3.jpg,product,3,products/glossy/vit-60120-8-50-glo-mar-whit-129/originals/ILLUSION RIVER P3.jpg,products/glossy/vit-60120-8-50-glo-mar-whit-129/thumbnails/illusion-river-p3.webp,thumbnails/vit-60120-8-50-glo-mar-whit-129/illusion-river-p3.webp
ILLUSION RIVER,VIT-60120-8.50-GLO-MAR-WHIT-129,glossy 3.2.zip,glossy 3.2/ILLUSION RIVER/ILLUSION RIVER P4.jpg,product,4,products/glossy/vit-60120-8-50-glo-mar-whit-129/originals/ILLUSION RIVER P4.jpg,products/glossy/vit-60120-8-50-glo-mar-whit-129/thumbnails/illusion-river-p4.webp,thumbnails/vit-60120-8-50-glo-mar-whit-129/illusion-river-p4.webp
ILLUSION RIVER,VIT-60120-8.50-GLO-MAR-WHIT-129,glossy 3.2.zip,glossy 3.2/ILLUSION RIVER/ILLUSION RIVER P5.jpg,product,5,products/glossy/vit-60120-8-50-glo-mar-whit-129/originals/ILLUSION RIVER P5.jpg,products/glossy/vit-60120-8-50-glo-mar-whit-129/thumbnails/illusion-river-p5.webp,thumbnails/vit-60120-8-50-glo-mar-whit-129/illusion-river-p5.webp
IMPERIAL GREY,VIT-60120-8.50-GLO-MAR-WHIT-130,glossy 1.zip,glossy 1/1=IMPERIAL GREY/IMPERIAL GREY_P1.jpg,product,1,products/glossy/vit-60120-8-50-glo-mar-whit-130/originals/IMPERIAL GREY_P1.jpg,products/glossy/vit-60120-8-50-glo-mar-whit-130/thumbnails/imperial-grey-p1.webp,thumbnails/vit-60120-8-50-glo-mar-whit-130/imperial-grey-p1.webp
IMPERIAL GREY,VIT-60120-8.50-GLO-MAR-WHIT-130,glossy 1.zip,glossy 1/1=IMPERIAL GREY/IMPERIAL GREY_P2.jpg,product,2,products/glossy/vit-60120-8-50-glo-mar-whit-130/originals/IMPERIAL GREY_P2.jpg,products/glossy/vit-60120-8-50-glo-mar-whit-130/thumbnails/imperial-grey-p2.webp,thumbnails/vit-60120-8-50-glo-mar-whit-130/imperial-grey-p2.webp
IMPERIAL GREY,VIT-60120-8.50-GLO-MAR-WHIT-130,glossy 1.zip,glossy 1/1=IMPERIAL GREY/IMPERIAL GREY_P3.jpg,product,3,products/glossy/vit-60120-8-50-glo-mar-whit-130/originals/IMPERIAL GREY_P3.jpg,products/glossy/vit-60120-8-50-glo-mar-whit-130/thumbnails/imperial-grey-p3.webp,thumbnails/vit-60120-8-50-glo-mar-whit-130/imperial-grey-p3.webp
IMPERIAL GREY,VIT-60120-8.50-GLO-MAR-WHIT-130,glossy 1.zip,glossy 1/1=IMPERIAL GREY/IMPERIAL GREY_P4.jpg,product,4,products/glossy/vit-60120-8-50-glo-mar-whit-130/originals/IMPERIAL GREY_P4.jpg,products/glossy/vit-60120-8-50-glo-mar-whit-130/thumbnails/imperial-grey-p4.webp,thumbnails/vit-60120-8-50-glo-mar-whit-130/imperial-grey-p4.webp
IMPERIAL SMOKY,VIT-60120-8.50-GLO-MAR-WHIT-131,glossy 1.zip,glossy 1/3=IMPERIAL SMOKY/IMPERIAL SMOKY_P1.jpg,product,1,products/glossy/vit-60120-8-50-glo-mar-whit-131/originals/IMPERIAL SMOKY_P1.jpg,products/glossy/vit-60120-8-50-glo-mar-whit-131/thumbnails/imperial-smoky-p1.webp,thumbnails/vit-60120-8-50-glo-mar-whit-131/imperial-smoky-p1.webp
IMPERIAL SMOKY,VIT-60120-8.50-GLO-MAR-WHIT-131,glossy 1.zip,glossy 1/3=IMPERIAL SMOKY/IMPERIAL SMOKY_P2.jpg,product,2,products/glossy/vit-60120-8-50-glo-mar-whit-131/originals/IMPERIAL SMOKY_P2.jpg,products/glossy/vit-60120-8-50-glo-mar-whit-131/thumbnails/imperial-smoky-p2.webp,thumbnails/vit-60120-8-50-glo-mar-whit-131/imperial-smoky-p2.webp
IMPERIAL SMOKY,VIT-60120-8.50-GLO-MAR-WHIT-131,glossy 1.zip,glossy 1/3=IMPERIAL SMOKY/IMPERIAL SMOKY_P3.jpg,product,3,products/glossy/vit-60120-8-50-glo-mar-whit-131/originals/IMPERIAL SMOKY_P3.jpg,products/glossy/vit-60120-8-50-glo-mar-whit-131/thumbnails/imperial-smoky-p3.webp,thumbnails/vit-60120-8-50-glo-mar-whit-131/imperial-smoky-p3.webp
IMPERIAL SMOKY,VIT-60120-8.50-GLO-MAR-WHIT-131,glossy 1.zip,glossy 1/3=IMPERIAL SMOKY/IMPERIAL SMOKY_P4.jpg,product,4,products/glossy/vit-60120-8-50-glo-mar-whit-131/originals/IMPERIAL SMOKY_P4.jpg,products/glossy/vit-60120-8-50-glo-mar-whit-131/thumbnails/imperial-smoky-p4.webp,thumbnails/vit-60120-8-50-glo-mar-whit-131/imperial-smoky-p4.webp
JERICO PULPIS BEIGE,VIT-60120-8.50-GLO-MAR-WHIT-132,glossy 3.1.zip,glossy 3.1/JERICO PULPIS BEIGE/JERICO PULPIS BEIGE_R1.jpg,room,1,products/glossy/vit-60120-8-50-glo-mar-whit-132/originals/JERICO PULPIS BEIGE_R1.jpg,products/glossy/vit-60120-8-50-glo-mar-whit-132/thumbnails/jerico-pulpis-beige-r1.webp,thumbnails/vit-60120-8-50-glo-mar-whit-132/jerico-pulpis-beige-r1.webp
JERICO PULPIS BEIGE,VIT-60120-8.50-GLO-MAR-WHIT-132,glossy 3.1.zip,glossy 3.1/JERICO PULPIS BEIGE/JERICO PULPIS BEIGE_R2.jpg,room,2,products/glossy/vit-60120-8-50-glo-mar-whit-132/originals/JERICO PULPIS BEIGE_R2.jpg,products/glossy/vit-60120-8-50-glo-mar-whit-132/thumbnails/jerico-pulpis-beige-r2.webp,thumbnails/vit-60120-8-50-glo-mar-whit-132/jerico-pulpis-beige-r2.webp
JERICO PULPIS BEIGE,VIT-60120-8.50-GLO-MAR-WHIT-132,glossy 3.1.zip,glossy 3.1/JERICO PULPIS BEIGE/JERICO PULPIS BEIGE_R3.jpg,room,3,products/glossy/vit-60120-8-50-glo-mar-whit-132/originals/JERICO PULPIS BEIGE_R3.jpg,products/glossy/vit-60120-8-50-glo-mar-whit-132/thumbnails/jerico-pulpis-beige-r3.webp,thumbnails/vit-60120-8-50-glo-mar-whit-132/jerico-pulpis-beige-r3.webp
JERICO PULPIS BEIGE,VIT-60120-8.50-GLO-MAR-WHIT-132,glossy 3.1.zip,glossy 3.1/JERICO PULPIS BEIGE/JERICO PULPIS BEIGE_R4.jpg,room,4,products/glossy/vit-60120-8-50-glo-mar-whit-132/originals/JERICO PULPIS BEIGE_R4.jpg,products/glossy/vit-60120-8-50-glo-mar-whit-132/thumbnails/jerico-pulpis-beige-r4.webp,thumbnails/vit-60120-8-50-glo-mar-whit-132/jerico-pulpis-beige-r4.webp
JERICO PULPIS BIANCO,VIT-60120-8.50-GLO-MAR-WHIT-133,glossy 3.1.zip,glossy 3.1/JERICO PULPIS BIANCO/JERICO PULPIS BIANCO_R1.jpg,room,1,products/glossy/vit-60120-8-50-glo-mar-whit-133/originals/JERICO PULPIS BIANCO_R1.jpg,products/glossy/vit-60120-8-50-glo-mar-whit-133/thumbnails/jerico-pulpis-bianco-r1.webp,thumbnails/vit-60120-8-50-glo-mar-whit-133/jerico-pulpis-bianco-r1.webp
JERICO PULPIS BIANCO,VIT-60120-8.50-GLO-MAR-WHIT-133,glossy 3.1.zip,glossy 3.1/JERICO PULPIS BIANCO/JERICO PULPIS BIANCO_R2.jpg,room,2,products/glossy/vit-60120-8-50-glo-mar-whit-133/originals/JERICO PULPIS BIANCO_R2.jpg,products/glossy/vit-60120-8-50-glo-mar-whit-133/thumbnails/jerico-pulpis-bianco-r2.webp,thumbnails/vit-60120-8-50-glo-mar-whit-133/jerico-pulpis-bianco-r2.webp
JERICO PULPIS BIANCO,VIT-60120-8.50-GLO-MAR-WHIT-133,glossy 3.1.zip,glossy 3.1/JERICO PULPIS BIANCO/JERICO PULPIS BIANCO_R3.jpg,room,3,products/glossy/vit-60120-8-50-glo-mar-whit-133/originals/JERICO PULPIS BIANCO_R3.jpg,products/glossy/vit-60120-8-50-glo-mar-whit-133/thumbnails/jerico-pulpis-bianco-r3.webp,thumbnails/vit-60120-8-50-glo-mar-whit-133/jerico-pulpis-bianco-r3.webp
JERICO PULPIS BIANCO,VIT-60120-8.50-GLO-MAR-WHIT-133,glossy 3.1.zip,glossy 3.1/JERICO PULPIS BIANCO/JERICO PULPIS BIANCO_R4.jpg,room,4,products/glossy/vit-60120-8-50-glo-mar-whit-133/originals/JERICO PULPIS BIANCO_R4.jpg,products/glossy/vit-60120-8-50-glo-mar-whit-133/thumbnails/jerico-pulpis-bianco-r4.webp,thumbnails/vit-60120-8-50-glo-mar-whit-133/jerico-pulpis-bianco-r4.webp
JERICO PULPIS BROWN,VIT-60120-8.50-GLO-MAR-WHIT-134,glossy 3.1.zip,glossy 3.1/JERICO PULPIS BROWN/JERICO PULPIS BROWN_R1.jpg,room,1,products/glossy/vit-60120-8-50-glo-mar-whit-134/originals/JERICO PULPIS BROWN_R1.jpg,products/glossy/vit-60120-8-50-glo-mar-whit-134/thumbnails/jerico-pulpis-brown-r1.webp,thumbnails/vit-60120-8-50-glo-mar-whit-134/jerico-pulpis-brown-r1.webp
JERICO PULPIS BROWN,VIT-60120-8.50-GLO-MAR-WHIT-134,glossy 3.1.zip,glossy 3.1/JERICO PULPIS BROWN/JERICO PULPIS BROWN_R2.jpg,room,2,products/glossy/vit-60120-8-50-glo-mar-whit-134/originals/JERICO PULPIS BROWN_R2.jpg,products/glossy/vit-60120-8-50-glo-mar-whit-134/thumbnails/jerico-pulpis-brown-r2.webp,thumbnails/vit-60120-8-50-glo-mar-whit-134/jerico-pulpis-brown-r2.webp
JERICO PULPIS BROWN,VIT-60120-8.50-GLO-MAR-WHIT-134,glossy 3.1.zip,glossy 3.1/JERICO PULPIS BROWN/JERICO PULPIS BROWN_R3.jpg,room,3,products/glossy/vit-60120-8-50-glo-mar-whit-134/originals/JERICO PULPIS BROWN_R3.jpg,products/glossy/vit-60120-8-50-glo-mar-whit-134/thumbnails/jerico-pulpis-brown-r3.webp,thumbnails/vit-60120-8-50-glo-mar-whit-134/jerico-pulpis-brown-r3.webp
JERICO PULPIS BROWN,VIT-60120-8.50-GLO-MAR-WHIT-134,glossy 3.1.zip,glossy 3.1/JERICO PULPIS BROWN/JERICO PULPIS BROWN_R4.jpg,room,4,products/glossy/vit-60120-8-50-glo-mar-whit-134/originals/JERICO PULPIS BROWN_R4.jpg,products/glossy/vit-60120-8-50-glo-mar-whit-134/thumbnails/jerico-pulpis-brown-r4.webp,thumbnails/vit-60120-8-50-glo-mar-whit-134/jerico-pulpis-brown-r4.webp
JERICO PULPIS BRUNO,VIT-60120-8.50-GLO-MAR-WHIT-135,glossy 3.1.zip,glossy 3.1/JERICO PULPIS BRUNO/JERICO PULPIS BRUNO_R1.jpg,room,1,products/glossy/vit-60120-8-50-glo-mar-whit-135/originals/JERICO PULPIS BRUNO_R1.jpg,products/glossy/vit-60120-8-50-glo-mar-whit-135/thumbnails/jerico-pulpis-bruno-r1.webp,thumbnails/vit-60120-8-50-glo-mar-whit-135/jerico-pulpis-bruno-r1.webp
JERICO PULPIS BRUNO,VIT-60120-8.50-GLO-MAR-WHIT-135,glossy 3.1.zip,glossy 3.1/JERICO PULPIS BRUNO/JERICO PULPIS BRUNO_R2.jpg,room,2,products/glossy/vit-60120-8-50-glo-mar-whit-135/originals/JERICO PULPIS BRUNO_R2.jpg,products/glossy/vit-60120-8-50-glo-mar-whit-135/thumbnails/jerico-pulpis-bruno-r2.webp,thumbnails/vit-60120-8-50-glo-mar-whit-135/jerico-pulpis-bruno-r2.webp
JERICO PULPIS BRUNO,VIT-60120-8.50-GLO-MAR-WHIT-135,glossy 3.1.zip,glossy 3.1/JERICO PULPIS BRUNO/JERICO PULPIS BRUNO_R3.jpg,room,3,products/glossy/vit-60120-8-50-glo-mar-whit-135/originals/JERICO PULPIS BRUNO_R3.jpg,products/glossy/vit-60120-8-50-glo-mar-whit-135/thumbnails/jerico-pulpis-bruno-r3.webp,thumbnails/vit-60120-8-50-glo-mar-whit-135/jerico-pulpis-bruno-r3.webp
JERICO PULPIS BRUNO,VIT-60120-8.50-GLO-MAR-WHIT-135,glossy 3.1.zip,glossy 3.1/JERICO PULPIS BRUNO/JERICO PULPIS BRUNO_R4.jpg,room,4,products/glossy/vit-60120-8-50-glo-mar-whit-135/originals/JERICO PULPIS BRUNO_R4.jpg,products/glossy/vit-60120-8-50-glo-mar-whit-135/thumbnails/jerico-pulpis-bruno-r4.webp,thumbnails/vit-60120-8-50-glo-mar-whit-135/jerico-pulpis-bruno-r4.webp
JERICO PULPIS CREMA,VIT-60120-8.50-GLO-MAR-WHIT-136,glossy 3.1.zip,glossy 3.1/JERICO PULPIS CREMA/JERICO PULPIS CREMA_R1.jpg,room,1,products/glossy/vit-60120-8-50-glo-mar-whit-136/originals/JERICO PULPIS CREMA_R1.jpg,products/glossy/vit-60120-8-50-glo-mar-whit-136/thumbnails/jerico-pulpis-crema-r1.webp,thumbnails/vit-60120-8-50-glo-mar-whit-136/jerico-pulpis-crema-r1.webp
JERICO PULPIS CREMA,VIT-60120-8.50-GLO-MAR-WHIT-136,glossy 3.1.zip,glossy 3.1/JERICO PULPIS CREMA/JERICO PULPIS CREMA_R2.jpg,room,2,products/glossy/vit-60120-8-50-glo-mar-whit-136/originals/JERICO PULPIS CREMA_R2.jpg,products/glossy/vit-60120-8-50-glo-mar-whit-136/thumbnails/jerico-pulpis-crema-r2.webp,thumbnails/vit-60120-8-50-glo-mar-whit-136/jerico-pulpis-crema-r2.webp
JERICO PULPIS CREMA,VIT-60120-8.50-GLO-MAR-WHIT-136,glossy 3.1.zip,glossy 3.1/JERICO PULPIS CREMA/JERICO PULPIS CREMA_R3.jpg,room,3,products/glossy/vit-60120-8-50-glo-mar-whit-136/originals/JERICO PULPIS CREMA_R3.jpg,products/glossy/vit-60120-8-50-glo-mar-whit-136/thumbnails/jerico-pulpis-crema-r3.webp,thumbnails/vit-60120-8-50-glo-mar-whit-136/jerico-pulpis-crema-r3.webp
JERICO PULPIS CREMA,VIT-60120-8.50-GLO-MAR-WHIT-136,glossy 3.1.zip,glossy 3.1/JERICO PULPIS CREMA/JERICO PULPIS CREMA_R4.jpg,room,4,products/glossy/vit-60120-8-50-glo-mar-whit-136/originals/JERICO PULPIS CREMA_R4.jpg,products/glossy/vit-60120-8-50-glo-mar-whit-136/thumbnails/jerico-pulpis-crema-r4.webp,thumbnails/vit-60120-8-50-glo-mar-whit-136/jerico-pulpis-crema-r4.webp
JERICO PULPIS GREY,VIT-60120-8.50-GLO-MAR-WHIT-137,glossy 3.1.zip,glossy 3.1/JERICO PULPIS GREY/JERICO PULPIS GREY_R1.jpg,room,1,products/glossy/vit-60120-8-50-glo-mar-whit-137/originals/JERICO PULPIS GREY_R1.jpg,products/glossy/vit-60120-8-50-glo-mar-whit-137/thumbnails/jerico-pulpis-grey-r1.webp,thumbnails/vit-60120-8-50-glo-mar-whit-137/jerico-pulpis-grey-r1.webp
JERICO PULPIS GREY,VIT-60120-8.50-GLO-MAR-WHIT-137,glossy 3.1.zip,glossy 3.1/JERICO PULPIS GREY/JERICO PULPIS GREY_R2.jpg,room,2,products/glossy/vit-60120-8-50-glo-mar-whit-137/originals/JERICO PULPIS GREY_R2.jpg,products/glossy/vit-60120-8-50-glo-mar-whit-137/thumbnails/jerico-pulpis-grey-r2.webp,thumbnails/vit-60120-8-50-glo-mar-whit-137/jerico-pulpis-grey-r2.webp
JERICO PULPIS GREY,VIT-60120-8.50-GLO-MAR-WHIT-137,glossy 3.1.zip,glossy 3.1/JERICO PULPIS GREY/JERICO PULPIS GREY_R3.jpg,room,3,products/glossy/vit-60120-8-50-glo-mar-whit-137/originals/JERICO PULPIS GREY_R3.jpg,products/glossy/vit-60120-8-50-glo-mar-whit-137/thumbnails/jerico-pulpis-grey-r3.webp,thumbnails/vit-60120-8-50-glo-mar-whit-137/jerico-pulpis-grey-r3.webp
JERICO PULPIS GREY,VIT-60120-8.50-GLO-MAR-WHIT-137,glossy 3.1.zip,glossy 3.1/JERICO PULPIS GREY/JERICO PULPIS GREY_R4.jpg,room,4,products/glossy/vit-60120-8-50-glo-mar-whit-137/originals/JERICO PULPIS GREY_R4.jpg,products/glossy/vit-60120-8-50-glo-mar-whit-137/thumbnails/jerico-pulpis-grey-r4.webp,thumbnails/vit-60120-8-50-glo-mar-whit-137/jerico-pulpis-grey-r4.webp
LAVANTA,VIT-60120-8.50-GLO-MAR-WHIT-138,glossy 3.1.zip,glossy 3.1/LAVANTA/LAVANTA_P1.jpg,product,1,products/glossy/vit-60120-8-50-glo-mar-whit-138/originals/LAVANTA_P1.jpg,products/glossy/vit-60120-8-50-glo-mar-whit-138/thumbnails/lavanta-p1.webp,thumbnails/vit-60120-8-50-glo-mar-whit-138/lavanta-p1.webp
LAVANTA,VIT-60120-8.50-GLO-MAR-WHIT-138,glossy 3.1.zip,glossy 3.1/LAVANTA/LAVANTA_P2.jpg,product,2,products/glossy/vit-60120-8-50-glo-mar-whit-138/originals/LAVANTA_P2.jpg,products/glossy/vit-60120-8-50-glo-mar-whit-138/thumbnails/lavanta-p2.webp,thumbnails/vit-60120-8-50-glo-mar-whit-138/lavanta-p2.webp
LAVANTA,VIT-60120-8.50-GLO-MAR-WHIT-138,glossy 3.1.zip,glossy 3.1/LAVANTA/LAVANTA_P3.jpg,product,3,products/glossy/vit-60120-8-50-glo-mar-whit-138/originals/LAVANTA_P3.jpg,products/glossy/vit-60120-8-50-glo-mar-whit-138/thumbnails/lavanta-p3.webp,thumbnails/vit-60120-8-50-glo-mar-whit-138/lavanta-p3.webp
LAVANTA,VIT-60120-8.50-GLO-MAR-WHIT-138,glossy 3.1.zip,glossy 3.1/LAVANTA/LAVANTA_P4.jpg,product,4,products/glossy/vit-60120-8-50-glo-mar-whit-138/originals/LAVANTA_P4.jpg,products/glossy/vit-60120-8-50-glo-mar-whit-138/thumbnails/lavanta-p4.webp,thumbnails/vit-60120-8-50-glo-mar-whit-138/lavanta-p4.webp
LAVANTA,VIT-60120-8.50-GLO-MAR-WHIT-138,glossy 3.1.zip,glossy 3.1/LAVANTA/LAVANTA_P5.jpg,product,5,products/glossy/vit-60120-8-50-glo-mar-whit-138/originals/LAVANTA_P5.jpg,products/glossy/vit-60120-8-50-glo-mar-whit-138/thumbnails/lavanta-p5.webp,thumbnails/vit-60120-8-50-glo-mar-whit-138/lavanta-p5.webp
LETINA,VIT-60120-8.50-GLO-MAR-WHIT-139,glossy 3.1.zip,glossy 3.1/LETINA/LETINA_P1.jpg,product,1,products/glossy/vit-60120-8-50-glo-mar-whit-139/originals/LETINA_P1.jpg,products/glossy/vit-60120-8-50-glo-mar-whit-139/thumbnails/letina-p1.webp,thumbnails/vit-60120-8-50-glo-mar-whit-139/letina-p1.webp
LETINA,VIT-60120-8.50-GLO-MAR-WHIT-139,glossy 3.1.zip,glossy 3.1/LETINA/LETINA_P2.jpg,product,2,products/glossy/vit-60120-8-50-glo-mar-whit-139/originals/LETINA_P2.jpg,products/glossy/vit-60120-8-50-glo-mar-whit-139/thumbnails/letina-p2.webp,thumbnails/vit-60120-8-50-glo-mar-whit-139/letina-p2.webp
LETINA,VIT-60120-8.50-GLO-MAR-WHIT-139,glossy 3.1.zip,glossy 3.1/LETINA/LETINA_P3.jpg,product,3,products/glossy/vit-60120-8-50-glo-mar-whit-139/originals/LETINA_P3.jpg,products/glossy/vit-60120-8-50-glo-mar-whit-139/thumbnails/letina-p3.webp,thumbnails/vit-60120-8-50-glo-mar-whit-139/letina-p3.webp
LETINA,VIT-60120-8.50-GLO-MAR-WHIT-139,glossy 3.1.zip,glossy 3.1/LETINA/LETINA_P4.jpg,product,4,products/glossy/vit-60120-8-50-glo-mar-whit-139/originals/LETINA_P4.jpg,products/glossy/vit-60120-8-50-glo-mar-whit-139/thumbnails/letina-p4.webp,thumbnails/vit-60120-8-50-glo-mar-whit-139/letina-p4.webp
LETINA,VIT-60120-8.50-GLO-MAR-WHIT-139,glossy 3.1.zip,glossy 3.1/LETINA/LETINA_P5.jpg,product,5,products/glossy/vit-60120-8-50-glo-mar-whit-139/originals/LETINA_P5.jpg,products/glossy/vit-60120-8-50-glo-mar-whit-139/thumbnails/letina-p5.webp,thumbnails/vit-60120-8-50-glo-mar-whit-139/letina-p5.webp
LETINA,VIT-60120-8.50-GLO-MAR-WHIT-139,glossy 3.1.zip,glossy 3.1/LETINA/LETINA_P6.jpg,product,6,products/glossy/vit-60120-8-50-glo-mar-whit-139/originals/LETINA_P6.jpg,products/glossy/vit-60120-8-50-glo-mar-whit-139/thumbnails/letina-p6.webp,thumbnails/vit-60120-8-50-glo-mar-whit-139/letina-p6.webp
LETINA,VIT-60120-8.50-GLO-MAR-WHIT-139,glossy 3.1.zip,glossy 3.1/LETINA/LETINA_P7.jpg,product,7,products/glossy/vit-60120-8-50-glo-mar-whit-139/originals/LETINA_P7.jpg,products/glossy/vit-60120-8-50-glo-mar-whit-139/thumbnails/letina-p7.webp,thumbnails/vit-60120-8-50-glo-mar-whit-139/letina-p7.webp
LETINA,VIT-60120-8.50-GLO-MAR-WHIT-139,glossy 3.1.zip,glossy 3.1/LETINA/LETINA_P8.jpg,product,8,products/glossy/vit-60120-8-50-glo-mar-whit-139/originals/LETINA_P8.jpg,products/glossy/vit-60120-8-50-glo-mar-whit-139/thumbnails/letina-p8.webp,thumbnails/vit-60120-8-50-glo-mar-whit-139/letina-p8.webp
LIMA BIANCO,VIT-60120-8.50-GLO-MAR-WHIT-140,glossy 3.1.zip,glossy 3.1/LIMA BIANCO/LIMA BIANCO (ST_139_2)_R1.jpg,room,1,products/glossy/vit-60120-8-50-glo-mar-whit-140/originals/LIMA BIANCO (ST_139_2)_R1.jpg,products/glossy/vit-60120-8-50-glo-mar-whit-140/thumbnails/lima-bianco-st-139-2-r1.webp,thumbnails/vit-60120-8-50-glo-mar-whit-140/lima-bianco-st-139-2-r1.webp
LIMA BIANCO,VIT-60120-8.50-GLO-MAR-WHIT-140,glossy 3.1.zip,glossy 3.1/LIMA BIANCO/LIMA BIANCO (ST_139_2)_R2.jpg,room,2,products/glossy/vit-60120-8-50-glo-mar-whit-140/originals/LIMA BIANCO (ST_139_2)_R2.jpg,products/glossy/vit-60120-8-50-glo-mar-whit-140/thumbnails/lima-bianco-st-139-2-r2.webp,thumbnails/vit-60120-8-50-glo-mar-whit-140/lima-bianco-st-139-2-r2.webp
LIMA BIANCO,VIT-60120-8.50-GLO-MAR-WHIT-140,glossy 3.1.zip,glossy 3.1/LIMA BIANCO/LIMA BIANCO (ST_139_2)_R3.jpg,room,3,products/glossy/vit-60120-8-50-glo-mar-whit-140/originals/LIMA BIANCO (ST_139_2)_R3.jpg,products/glossy/vit-60120-8-50-glo-mar-whit-140/thumbnails/lima-bianco-st-139-2-r3.webp,thumbnails/vit-60120-8-50-glo-mar-whit-140/lima-bianco-st-139-2-r3.webp
LIMA BROWN,VIT-60120-8.50-GLO-MAR-WHIT-141,glossy 3.1.zip,glossy 3.1/LIMA BROWN/LIMA BROWN (ST_139_3)_R1.jpg,room,1,products/glossy/vit-60120-8-50-glo-mar-whit-141/originals/LIMA BROWN (ST_139_3)_R1.jpg,products/glossy/vit-60120-8-50-glo-mar-whit-141/thumbnails/lima-brown-st-139-3-r1.webp,thumbnails/vit-60120-8-50-glo-mar-whit-141/lima-brown-st-139-3-r1.webp
LIMA BROWN,VIT-60120-8.50-GLO-MAR-WHIT-141,glossy 3.1.zip,glossy 3.1/LIMA BROWN/LIMA BROWN (ST_139_3)_R2.jpg,room,2,products/glossy/vit-60120-8-50-glo-mar-whit-141/originals/LIMA BROWN (ST_139_3)_R2.jpg,products/glossy/vit-60120-8-50-glo-mar-whit-141/thumbnails/lima-brown-st-139-3-r2.webp,thumbnails/vit-60120-8-50-glo-mar-whit-141/lima-brown-st-139-3-r2.webp
LIMA BROWN,VIT-60120-8.50-GLO-MAR-WHIT-141,glossy 3.1.zip,glossy 3.1/LIMA BROWN/LIMA BROWN (ST_139_3)_R3.jpg,room,3,products/glossy/vit-60120-8-50-glo-mar-whit-141/originals/LIMA BROWN (ST_139_3)_R3.jpg,products/glossy/vit-60120-8-50-glo-mar-whit-141/thumbnails/lima-brown-st-139-3-r3.webp,thumbnails/vit-60120-8-50-glo-mar-whit-141/lima-brown-st-139-3-r3.webp
LIMA CREMA,VIT-60120-8.50-GLO-MAR-WHIT-142,glossy 3.1.zip,glossy 3.1/LIMA CREMA/LIMA CREMA (ST_139_4)_R1.jpg,room,1,products/glossy/vit-60120-8-50-glo-mar-whit-142/originals/LIMA CREMA (ST_139_4)_R1.jpg,products/glossy/vit-60120-8-50-glo-mar-whit-142/thumbnails/lima-crema-st-139-4-r1.webp,thumbnails/vit-60120-8-50-glo-mar-whit-142/lima-crema-st-139-4-r1.webp
LIMA CREMA,VIT-60120-8.50-GLO-MAR-WHIT-142,glossy 3.1.zip,glossy 3.1/LIMA CREMA/LIMA CREMA (ST_139_4)_R2.jpg,room,2,products/glossy/vit-60120-8-50-glo-mar-whit-142/originals/LIMA CREMA (ST_139_4)_R2.jpg,products/glossy/vit-60120-8-50-glo-mar-whit-142/thumbnails/lima-crema-st-139-4-r2.webp,thumbnails/vit-60120-8-50-glo-mar-whit-142/lima-crema-st-139-4-r2.webp
LIMA CREMA,VIT-60120-8.50-GLO-MAR-WHIT-142,glossy 3.1.zip,glossy 3.1/LIMA CREMA/LIMA CREMA (ST_139_4)_R3.jpg,room,3,products/glossy/vit-60120-8-50-glo-mar-whit-142/originals/LIMA CREMA (ST_139_4)_R3.jpg,products/glossy/vit-60120-8-50-glo-mar-whit-142/thumbnails/lima-crema-st-139-4-r3.webp,thumbnails/vit-60120-8-50-glo-mar-whit-142/lima-crema-st-139-4-r3.webp
LIMA GREY,VIT-60120-8.50-GLO-MAR-WHIT-143,glossy 3.3.zip,glossy 3.3/LIMA GREY/LIMA GREY (ST_139_1)_R1.jpg,room,1,products/glossy/vit-60120-8-50-glo-mar-whit-143/originals/LIMA GREY (ST_139_1)_R1.jpg,products/glossy/vit-60120-8-50-glo-mar-whit-143/thumbnails/lima-grey-st-139-1-r1.webp,thumbnails/vit-60120-8-50-glo-mar-whit-143/lima-grey-st-139-1-r1.webp
LIMA GREY,VIT-60120-8.50-GLO-MAR-WHIT-143,glossy 3.3.zip,glossy 3.3/LIMA GREY/LIMA GREY (ST_139_1)_R2.jpg,room,2,products/glossy/vit-60120-8-50-glo-mar-whit-143/originals/LIMA GREY (ST_139_1)_R2.jpg,products/glossy/vit-60120-8-50-glo-mar-whit-143/thumbnails/lima-grey-st-139-1-r2.webp,thumbnails/vit-60120-8-50-glo-mar-whit-143/lima-grey-st-139-1-r2.webp
LIMA GREY,VIT-60120-8.50-GLO-MAR-WHIT-143,glossy 3.3.zip,glossy 3.3/LIMA GREY/LIMA GREY (ST_139_1)_R3.jpg,room,3,products/glossy/vit-60120-8-50-glo-mar-whit-143/originals/LIMA GREY (ST_139_1)_R3.jpg,products/glossy/vit-60120-8-50-glo-mar-whit-143/thumbnails/lima-grey-st-139-1-r3.webp,thumbnails/vit-60120-8-50-glo-mar-whit-143/lima-grey-st-139-1-r3.webp
LIME STONE CREMA,VIT-60120-8.50-GLO-MAR-WHIT-144,glossy 3.3.zip,glossy 3.3/LIME STONE CREMA/LIME STONE CREMA_P1.jpg,product,1,products/glossy/vit-60120-8-50-glo-mar-whit-144/originals/LIME STONE CREMA_P1.jpg,products/glossy/vit-60120-8-50-glo-mar-whit-144/thumbnails/lime-stone-crema-p1.webp,thumbnails/vit-60120-8-50-glo-mar-whit-144/lime-stone-crema-p1.webp
LIME STONE CREMA,VIT-60120-8.50-GLO-MAR-WHIT-144,glossy 3.3.zip,glossy 3.3/LIME STONE CREMA/LIME STONE CREMA_P2.jpg,product,2,products/glossy/vit-60120-8-50-glo-mar-whit-144/originals/LIME STONE CREMA_P2.jpg,products/glossy/vit-60120-8-50-glo-mar-whit-144/thumbnails/lime-stone-crema-p2.webp,thumbnails/vit-60120-8-50-glo-mar-whit-144/lime-stone-crema-p2.webp
LIME STONE CREMA,VIT-60120-8.50-GLO-MAR-WHIT-144,glossy 3.3.zip,glossy 3.3/LIME STONE CREMA/LIME STONE CREMA_P3.jpg,product,3,products/glossy/vit-60120-8-50-glo-mar-whit-144/originals/LIME STONE CREMA_P3.jpg,products/glossy/vit-60120-8-50-glo-mar-whit-144/thumbnails/lime-stone-crema-p3.webp,thumbnails/vit-60120-8-50-glo-mar-whit-144/lime-stone-crema-p3.webp
MACAUBAS FANTASY BIANCO,VIT-60120-8.50-GLO-MAR-WHIT-145,glossy 1.zip,glossy 1/13=MACAUBAS FANTASY BIANCO/MACAUBAS FANTASY BIANCO_P1.jpg,product,1,products/glossy/vit-60120-8-50-glo-mar-whit-145/originals/MACAUBAS FANTASY BIANCO_P1.jpg,products/glossy/vit-60120-8-50-glo-mar-whit-145/thumbnails/macaubas-fantasy-bianco-p1.webp,thumbnails/vit-60120-8-50-glo-mar-whit-145/macaubas-fantasy-bianco-p1.webp
MACAUBAS FANTASY BIANCO,VIT-60120-8.50-GLO-MAR-WHIT-145,glossy 1.zip,glossy 1/13=MACAUBAS FANTASY BIANCO/MACAUBAS FANTASY BIANCO_P2.jpg,product,2,products/glossy/vit-60120-8-50-glo-mar-whit-145/originals/MACAUBAS FANTASY BIANCO_P2.jpg,products/glossy/vit-60120-8-50-glo-mar-whit-145/thumbnails/macaubas-fantasy-bianco-p2.webp,thumbnails/vit-60120-8-50-glo-mar-whit-145/macaubas-fantasy-bianco-p2.webp
MACAUBAS FANTASY BIANCO,VIT-60120-8.50-GLO-MAR-WHIT-145,glossy 1.zip,glossy 1/13=MACAUBAS FANTASY BIANCO/MACAUBAS FANTASY BIANCO_P3.jpg,product,3,products/glossy/vit-60120-8-50-glo-mar-whit-145/originals/MACAUBAS FANTASY BIANCO_P3.jpg,products/glossy/vit-60120-8-50-glo-mar-whit-145/thumbnails/macaubas-fantasy-bianco-p3.webp,thumbnails/vit-60120-8-50-glo-mar-whit-145/macaubas-fantasy-bianco-p3.webp
MACAUBAS FANTASY BIANCO,VIT-60120-8.50-GLO-MAR-WHIT-145,glossy 1.zip,glossy 1/13=MACAUBAS FANTASY BIANCO/MACAUBAS FANTASY BIANCO_P4.jpg,product,4,products/glossy/vit-60120-8-50-glo-mar-whit-145/originals/MACAUBAS FANTASY BIANCO_P4.jpg,products/glossy/vit-60120-8-50-glo-mar-whit-145/thumbnails/macaubas-fantasy-bianco-p4.webp,thumbnails/vit-60120-8-50-glo-mar-whit-145/macaubas-fantasy-bianco-p4.webp
MACAUBAS FANTASY GREY,VIT-60120-8.50-GLO-MAR-WHIT-146,glossy 1.zip,glossy 1/14=MACAUBAS FANTASY GREY/MACAUBAS FANTASY GREY_P1.jpg,product,1,products/glossy/vit-60120-8-50-glo-mar-whit-146/originals/MACAUBAS FANTASY GREY_P1.jpg,products/glossy/vit-60120-8-50-glo-mar-whit-146/thumbnails/macaubas-fantasy-grey-p1.webp,thumbnails/vit-60120-8-50-glo-mar-whit-146/macaubas-fantasy-grey-p1.webp
MACAUBAS FANTASY GREY,VIT-60120-8.50-GLO-MAR-WHIT-146,glossy 1.zip,glossy 1/14=MACAUBAS FANTASY GREY/MACAUBAS FANTASY GREY_P2.jpg,product,2,products/glossy/vit-60120-8-50-glo-mar-whit-146/originals/MACAUBAS FANTASY GREY_P2.jpg,products/glossy/vit-60120-8-50-glo-mar-whit-146/thumbnails/macaubas-fantasy-grey-p2.webp,thumbnails/vit-60120-8-50-glo-mar-whit-146/macaubas-fantasy-grey-p2.webp
MACAUBAS FANTASY GREY,VIT-60120-8.50-GLO-MAR-WHIT-146,glossy 1.zip,glossy 1/14=MACAUBAS FANTASY GREY/MACAUBAS FANTASY GREY_P3.jpg,product,3,products/glossy/vit-60120-8-50-glo-mar-whit-146/originals/MACAUBAS FANTASY GREY_P3.jpg,products/glossy/vit-60120-8-50-glo-mar-whit-146/thumbnails/macaubas-fantasy-grey-p3.webp,thumbnails/vit-60120-8-50-glo-mar-whit-146/macaubas-fantasy-grey-p3.webp
MACAUBAS FANTASY GREY,VIT-60120-8.50-GLO-MAR-WHIT-146,glossy 1.zip,glossy 1/14=MACAUBAS FANTASY GREY/MACAUBAS FANTASY GREY_P4.jpg,product,4,products/glossy/vit-60120-8-50-glo-mar-whit-146/originals/MACAUBAS FANTASY GREY_P4.jpg,products/glossy/vit-60120-8-50-glo-mar-whit-146/thumbnails/macaubas-fantasy-grey-p4.webp,thumbnails/vit-60120-8-50-glo-mar-whit-146/macaubas-fantasy-grey-p4.webp
MARKINA BROWN,VIT-60120-8.50-GLO-MAR-WHIT-147,glossy 3.3.zip,glossy 3.3/MARKINA BROWN/MARKINA_BROWN P1.jpg,product,1,products/glossy/vit-60120-8-50-glo-mar-whit-147/originals/MARKINA_BROWN P1.jpg,products/glossy/vit-60120-8-50-glo-mar-whit-147/thumbnails/markina-brown-p1.webp,thumbnails/vit-60120-8-50-glo-mar-whit-147/markina-brown-p1.webp
MARKINA BROWN,VIT-60120-8.50-GLO-MAR-WHIT-147,glossy 3.3.zip,glossy 3.3/MARKINA BROWN/MARKINA_BROWN P2.jpg,product,2,products/glossy/vit-60120-8-50-glo-mar-whit-147/originals/MARKINA_BROWN P2.jpg,products/glossy/vit-60120-8-50-glo-mar-whit-147/thumbnails/markina-brown-p2.webp,thumbnails/vit-60120-8-50-glo-mar-whit-147/markina-brown-p2.webp
MARKINA BROWN,VIT-60120-8.50-GLO-MAR-WHIT-147,glossy 3.3.zip,glossy 3.3/MARKINA BROWN/MARKINA_BROWN P3.jpg,product,3,products/glossy/vit-60120-8-50-glo-mar-whit-147/originals/MARKINA_BROWN P3.jpg,products/glossy/vit-60120-8-50-glo-mar-whit-147/thumbnails/markina-brown-p3.webp,thumbnails/vit-60120-8-50-glo-mar-whit-147/markina-brown-p3.webp
MARMI AZURE,VIT-60120-8.50-GLO-MAR-WHIT-148,glossy 3.3.zip,glossy 3.3/MARMI AZURE/MARMI AZURE_P1.jpg,product,1,products/glossy/vit-60120-8-50-glo-mar-whit-148/originals/MARMI AZURE_P1.jpg,products/glossy/vit-60120-8-50-glo-mar-whit-148/thumbnails/marmi-azure-p1.webp,thumbnails/vit-60120-8-50-glo-mar-whit-148/marmi-azure-p1.webp
MARMI AZURE,VIT-60120-8.50-GLO-MAR-WHIT-148,glossy 3.3.zip,glossy 3.3/MARMI AZURE/MARMI AZURE_P10.jpg,product,10,products/glossy/vit-60120-8-50-glo-mar-whit-148/originals/MARMI AZURE_P10.jpg,products/glossy/vit-60120-8-50-glo-mar-whit-148/thumbnails/marmi-azure-p10.webp,thumbnails/vit-60120-8-50-glo-mar-whit-148/marmi-azure-p10.webp
MARMI AZURE,VIT-60120-8.50-GLO-MAR-WHIT-148,glossy 3.3.zip,glossy 3.3/MARMI AZURE/MARMI AZURE_P2.jpg,product,2,products/glossy/vit-60120-8-50-glo-mar-whit-148/originals/MARMI AZURE_P2.jpg,products/glossy/vit-60120-8-50-glo-mar-whit-148/thumbnails/marmi-azure-p2.webp,thumbnails/vit-60120-8-50-glo-mar-whit-148/marmi-azure-p2.webp
MARMI AZURE,VIT-60120-8.50-GLO-MAR-WHIT-148,glossy 3.3.zip,glossy 3.3/MARMI AZURE/MARMI AZURE_P3.jpg,product,3,products/glossy/vit-60120-8-50-glo-mar-whit-148/originals/MARMI AZURE_P3.jpg,products/glossy/vit-60120-8-50-glo-mar-whit-148/thumbnails/marmi-azure-p3.webp,thumbnails/vit-60120-8-50-glo-mar-whit-148/marmi-azure-p3.webp
MARMI AZURE,VIT-60120-8.50-GLO-MAR-WHIT-148,glossy 3.3.zip,glossy 3.3/MARMI AZURE/MARMI AZURE_P4.jpg,product,4,products/glossy/vit-60120-8-50-glo-mar-whit-148/originals/MARMI AZURE_P4.jpg,products/glossy/vit-60120-8-50-glo-mar-whit-148/thumbnails/marmi-azure-p4.webp,thumbnails/vit-60120-8-50-glo-mar-whit-148/marmi-azure-p4.webp
MARMI AZURE,VIT-60120-8.50-GLO-MAR-WHIT-148,glossy 3.3.zip,glossy 3.3/MARMI AZURE/MARMI AZURE_P5.jpg,product,5,products/glossy/vit-60120-8-50-glo-mar-whit-148/originals/MARMI AZURE_P5.jpg,products/glossy/vit-60120-8-50-glo-mar-whit-148/thumbnails/marmi-azure-p5.webp,thumbnails/vit-60120-8-50-glo-mar-whit-148/marmi-azure-p5.webp
MARMI AZURE,VIT-60120-8.50-GLO-MAR-WHIT-148,glossy 3.3.zip,glossy 3.3/MARMI AZURE/MARMI AZURE_P6.jpg,product,6,products/glossy/vit-60120-8-50-glo-mar-whit-148/originals/MARMI AZURE_P6.jpg,products/glossy/vit-60120-8-50-glo-mar-whit-148/thumbnails/marmi-azure-p6.webp,thumbnails/vit-60120-8-50-glo-mar-whit-148/marmi-azure-p6.webp
MARMI AZURE,VIT-60120-8.50-GLO-MAR-WHIT-148,glossy 3.3.zip,glossy 3.3/MARMI AZURE/MARMI AZURE_P7.jpg,product,7,products/glossy/vit-60120-8-50-glo-mar-whit-148/originals/MARMI AZURE_P7.jpg,products/glossy/vit-60120-8-50-glo-mar-whit-148/thumbnails/marmi-azure-p7.webp,thumbnails/vit-60120-8-50-glo-mar-whit-148/marmi-azure-p7.webp
MARMI AZURE,VIT-60120-8.50-GLO-MAR-WHIT-148,glossy 3.3.zip,glossy 3.3/MARMI AZURE/MARMI AZURE_P8.jpg,product,8,products/glossy/vit-60120-8-50-glo-mar-whit-148/originals/MARMI AZURE_P8.jpg,products/glossy/vit-60120-8-50-glo-mar-whit-148/thumbnails/marmi-azure-p8.webp,thumbnails/vit-60120-8-50-glo-mar-whit-148/marmi-azure-p8.webp
MARMI AZURE,VIT-60120-8.50-GLO-MAR-WHIT-148,glossy 3.3.zip,glossy 3.3/MARMI AZURE/MARMI AZURE_P9.jpg,product,9,products/glossy/vit-60120-8-50-glo-mar-whit-148/originals/MARMI AZURE_P9.jpg,products/glossy/vit-60120-8-50-glo-mar-whit-148/thumbnails/marmi-azure-p9.webp,thumbnails/vit-60120-8-50-glo-mar-whit-148/marmi-azure-p9.webp
MARMI BEIGE,VIT-60120-8.50-GLO-MAR-WHIT-149,glossy 3.3.zip,glossy 3.3/MARMI BEIGE/MARMI BEIGE_P1.jpg,product,1,products/glossy/vit-60120-8-50-glo-mar-whit-149/originals/MARMI BEIGE_P1.jpg,products/glossy/vit-60120-8-50-glo-mar-whit-149/thumbnails/marmi-beige-p1.webp,thumbnails/vit-60120-8-50-glo-mar-whit-149/marmi-beige-p1.webp
MARMI BEIGE,VIT-60120-8.50-GLO-MAR-WHIT-149,glossy 3.3.zip,glossy 3.3/MARMI BEIGE/MARMI BEIGE_P10.jpg,product,10,products/glossy/vit-60120-8-50-glo-mar-whit-149/originals/MARMI BEIGE_P10.jpg,products/glossy/vit-60120-8-50-glo-mar-whit-149/thumbnails/marmi-beige-p10.webp,thumbnails/vit-60120-8-50-glo-mar-whit-149/marmi-beige-p10.webp
MARMI BEIGE,VIT-60120-8.50-GLO-MAR-WHIT-149,glossy 3.3.zip,glossy 3.3/MARMI BEIGE/MARMI BEIGE_P2.jpg,product,2,products/glossy/vit-60120-8-50-glo-mar-whit-149/originals/MARMI BEIGE_P2.jpg,products/glossy/vit-60120-8-50-glo-mar-whit-149/thumbnails/marmi-beige-p2.webp,thumbnails/vit-60120-8-50-glo-mar-whit-149/marmi-beige-p2.webp
MARMI BEIGE,VIT-60120-8.50-GLO-MAR-WHIT-149,glossy 3.3.zip,glossy 3.3/MARMI BEIGE/MARMI BEIGE_P3.jpg,product,3,products/glossy/vit-60120-8-50-glo-mar-whit-149/originals/MARMI BEIGE_P3.jpg,products/glossy/vit-60120-8-50-glo-mar-whit-149/thumbnails/marmi-beige-p3.webp,thumbnails/vit-60120-8-50-glo-mar-whit-149/marmi-beige-p3.webp
MARMI BEIGE,VIT-60120-8.50-GLO-MAR-WHIT-149,glossy 3.3.zip,glossy 3.3/MARMI BEIGE/MARMI BEIGE_P4.jpg,product,4,products/glossy/vit-60120-8-50-glo-mar-whit-149/originals/MARMI BEIGE_P4.jpg,products/glossy/vit-60120-8-50-glo-mar-whit-149/thumbnails/marmi-beige-p4.webp,thumbnails/vit-60120-8-50-glo-mar-whit-149/marmi-beige-p4.webp
MARMI BEIGE,VIT-60120-8.50-GLO-MAR-WHIT-149,glossy 3.3.zip,glossy 3.3/MARMI BEIGE/MARMI BEIGE_P5.jpg,product,5,products/glossy/vit-60120-8-50-glo-mar-whit-149/originals/MARMI BEIGE_P5.jpg,products/glossy/vit-60120-8-50-glo-mar-whit-149/thumbnails/marmi-beige-p5.webp,thumbnails/vit-60120-8-50-glo-mar-whit-149/marmi-beige-p5.webp
MARMI BEIGE,VIT-60120-8.50-GLO-MAR-WHIT-149,glossy 3.3.zip,glossy 3.3/MARMI BEIGE/MARMI BEIGE_P6.jpg,product,6,products/glossy/vit-60120-8-50-glo-mar-whit-149/originals/MARMI BEIGE_P6.jpg,products/glossy/vit-60120-8-50-glo-mar-whit-149/thumbnails/marmi-beige-p6.webp,thumbnails/vit-60120-8-50-glo-mar-whit-149/marmi-beige-p6.webp
MARMI BEIGE,VIT-60120-8.50-GLO-MAR-WHIT-149,glossy 3.3.zip,glossy 3.3/MARMI BEIGE/MARMI BEIGE_P7.jpg,product,7,products/glossy/vit-60120-8-50-glo-mar-whit-149/originals/MARMI BEIGE_P7.jpg,products/glossy/vit-60120-8-50-glo-mar-whit-149/thumbnails/marmi-beige-p7.webp,thumbnails/vit-60120-8-50-glo-mar-whit-149/marmi-beige-p7.webp
MARMI BEIGE,VIT-60120-8.50-GLO-MAR-WHIT-149,glossy 3.3.zip,glossy 3.3/MARMI BEIGE/MARMI BEIGE_P8.jpg,product,8,products/glossy/vit-60120-8-50-glo-mar-whit-149/originals/MARMI BEIGE_P8.jpg,products/glossy/vit-60120-8-50-glo-mar-whit-149/thumbnails/marmi-beige-p8.webp,thumbnails/vit-60120-8-50-glo-mar-whit-149/marmi-beige-p8.webp
MARMI BEIGE,VIT-60120-8.50-GLO-MAR-WHIT-149,glossy 3.3.zip,glossy 3.3/MARMI BEIGE/MARMI BEIGE_P9.jpg,product,9,products/glossy/vit-60120-8-50-glo-mar-whit-149/originals/MARMI BEIGE_P9.jpg,products/glossy/vit-60120-8-50-glo-mar-whit-149/thumbnails/marmi-beige-p9.webp,thumbnails/vit-60120-8-50-glo-mar-whit-149/marmi-beige-p9.webp
MARMI BIANCO,VIT-60120-8.50-GLO-MAR-WHIT-150,glossy 3.3.zip,glossy 3.3/MARMI BIANCO/MARMI BIANCO_P1.jpg,product,1,products/glossy/vit-60120-8-50-glo-mar-whit-150/originals/MARMI BIANCO_P1.jpg,products/glossy/vit-60120-8-50-glo-mar-whit-150/thumbnails/marmi-bianco-p1.webp,thumbnails/vit-60120-8-50-glo-mar-whit-150/marmi-bianco-p1.webp
MARMI BIANCO,VIT-60120-8.50-GLO-MAR-WHIT-150,glossy 3.3.zip,glossy 3.3/MARMI BIANCO/MARMI BIANCO_P10.jpg,product,10,products/glossy/vit-60120-8-50-glo-mar-whit-150/originals/MARMI BIANCO_P10.jpg,products/glossy/vit-60120-8-50-glo-mar-whit-150/thumbnails/marmi-bianco-p10.webp,thumbnails/vit-60120-8-50-glo-mar-whit-150/marmi-bianco-p10.webp
MARMI BIANCO,VIT-60120-8.50-GLO-MAR-WHIT-150,glossy 3.3.zip,glossy 3.3/MARMI BIANCO/MARMI BIANCO_P2.jpg,product,2,products/glossy/vit-60120-8-50-glo-mar-whit-150/originals/MARMI BIANCO_P2.jpg,products/glossy/vit-60120-8-50-glo-mar-whit-150/thumbnails/marmi-bianco-p2.webp,thumbnails/vit-60120-8-50-glo-mar-whit-150/marmi-bianco-p2.webp
MARMI BIANCO,VIT-60120-8.50-GLO-MAR-WHIT-150,glossy 3.3.zip,glossy 3.3/MARMI BIANCO/MARMI BIANCO_P3.jpg,product,3,products/glossy/vit-60120-8-50-glo-mar-whit-150/originals/MARMI BIANCO_P3.jpg,products/glossy/vit-60120-8-50-glo-mar-whit-150/thumbnails/marmi-bianco-p3.webp,thumbnails/vit-60120-8-50-glo-mar-whit-150/marmi-bianco-p3.webp
MARMI BIANCO,VIT-60120-8.50-GLO-MAR-WHIT-150,glossy 3.3.zip,glossy 3.3/MARMI BIANCO/MARMI BIANCO_P4.jpg,product,4,products/glossy/vit-60120-8-50-glo-mar-whit-150/originals/MARMI BIANCO_P4.jpg,products/glossy/vit-60120-8-50-glo-mar-whit-150/thumbnails/marmi-bianco-p4.webp,thumbnails/vit-60120-8-50-glo-mar-whit-150/marmi-bianco-p4.webp
MARMI BIANCO,VIT-60120-8.50-GLO-MAR-WHIT-150,glossy 3.3.zip,glossy 3.3/MARMI BIANCO/MARMI BIANCO_P5.jpg,product,5,products/glossy/vit-60120-8-50-glo-mar-whit-150/originals/MARMI BIANCO_P5.jpg,products/glossy/vit-60120-8-50-glo-mar-whit-150/thumbnails/marmi-bianco-p5.webp,thumbnails/vit-60120-8-50-glo-mar-whit-150/marmi-bianco-p5.webp
MARMI BIANCO,VIT-60120-8.50-GLO-MAR-WHIT-150,glossy 3.3.zip,glossy 3.3/MARMI BIANCO/MARMI BIANCO_P6.jpg,product,6,products/glossy/vit-60120-8-50-glo-mar-whit-150/originals/MARMI BIANCO_P6.jpg,products/glossy/vit-60120-8-50-glo-mar-whit-150/thumbnails/marmi-bianco-p6.webp,thumbnails/vit-60120-8-50-glo-mar-whit-150/marmi-bianco-p6.webp
MARMI BIANCO,VIT-60120-8.50-GLO-MAR-WHIT-150,glossy 3.3.zip,glossy 3.3/MARMI BIANCO/MARMI BIANCO_P7.jpg,product,7,products/glossy/vit-60120-8-50-glo-mar-whit-150/originals/MARMI BIANCO_P7.jpg,products/glossy/vit-60120-8-50-glo-mar-whit-150/thumbnails/marmi-bianco-p7.webp,thumbnails/vit-60120-8-50-glo-mar-whit-150/marmi-bianco-p7.webp
MARMI BIANCO,VIT-60120-8.50-GLO-MAR-WHIT-150,glossy 3.3.zip,glossy 3.3/MARMI BIANCO/MARMI BIANCO_P8.jpg,product,8,products/glossy/vit-60120-8-50-glo-mar-whit-150/originals/MARMI BIANCO_P8.jpg,products/glossy/vit-60120-8-50-glo-mar-whit-150/thumbnails/marmi-bianco-p8.webp,thumbnails/vit-60120-8-50-glo-mar-whit-150/marmi-bianco-p8.webp
MARMI BIANCO,VIT-60120-8.50-GLO-MAR-WHIT-150,glossy 3.3.zip,glossy 3.3/MARMI BIANCO/MARMI BIANCO_P9.jpg,product,9,products/glossy/vit-60120-8-50-glo-mar-whit-150/originals/MARMI BIANCO_P9.jpg,products/glossy/vit-60120-8-50-glo-mar-whit-150/thumbnails/marmi-bianco-p9.webp,thumbnails/vit-60120-8-50-glo-mar-whit-150/marmi-bianco-p9.webp
MARMI BRUNO,VIT-60120-8.50-GLO-MAR-WHIT-151,glossy 3.3.zip,glossy 3.3/MARMI BRUNO/MARMI BRUNO_P1.jpg,product,1,products/glossy/vit-60120-8-50-glo-mar-whit-151/originals/MARMI BRUNO_P1.jpg,products/glossy/vit-60120-8-50-glo-mar-whit-151/thumbnails/marmi-bruno-p1.webp,thumbnails/vit-60120-8-50-glo-mar-whit-151/marmi-bruno-p1.webp
MARMI BRUNO,VIT-60120-8.50-GLO-MAR-WHIT-151,glossy 3.3.zip,glossy 3.3/MARMI BRUNO/MARMI BRUNO_P10.jpg,product,10,products/glossy/vit-60120-8-50-glo-mar-whit-151/originals/MARMI BRUNO_P10.jpg,products/glossy/vit-60120-8-50-glo-mar-whit-151/thumbnails/marmi-bruno-p10.webp,thumbnails/vit-60120-8-50-glo-mar-whit-151/marmi-bruno-p10.webp
MARMI BRUNO,VIT-60120-8.50-GLO-MAR-WHIT-151,glossy 3.3.zip,glossy 3.3/MARMI BRUNO/MARMI BRUNO_P2.jpg,product,2,products/glossy/vit-60120-8-50-glo-mar-whit-151/originals/MARMI BRUNO_P2.jpg,products/glossy/vit-60120-8-50-glo-mar-whit-151/thumbnails/marmi-bruno-p2.webp,thumbnails/vit-60120-8-50-glo-mar-whit-151/marmi-bruno-p2.webp
MARMI BRUNO,VIT-60120-8.50-GLO-MAR-WHIT-151,glossy 3.3.zip,glossy 3.3/MARMI BRUNO/MARMI BRUNO_P3.jpg,product,3,products/glossy/vit-60120-8-50-glo-mar-whit-151/originals/MARMI BRUNO_P3.jpg,products/glossy/vit-60120-8-50-glo-mar-whit-151/thumbnails/marmi-bruno-p3.webp,thumbnails/vit-60120-8-50-glo-mar-whit-151/marmi-bruno-p3.webp
MARMI BRUNO,VIT-60120-8.50-GLO-MAR-WHIT-151,glossy 3.3.zip,glossy 3.3/MARMI BRUNO/MARMI BRUNO_P4.jpg,product,4,products/glossy/vit-60120-8-50-glo-mar-whit-151/originals/MARMI BRUNO_P4.jpg,products/glossy/vit-60120-8-50-glo-mar-whit-151/thumbnails/marmi-bruno-p4.webp,thumbnails/vit-60120-8-50-glo-mar-whit-151/marmi-bruno-p4.webp
MARMI BRUNO,VIT-60120-8.50-GLO-MAR-WHIT-151,glossy 3.3.zip,glossy 3.3/MARMI BRUNO/MARMI BRUNO_P5.jpg,product,5,products/glossy/vit-60120-8-50-glo-mar-whit-151/originals/MARMI BRUNO_P5.jpg,products/glossy/vit-60120-8-50-glo-mar-whit-151/thumbnails/marmi-bruno-p5.webp,thumbnails/vit-60120-8-50-glo-mar-whit-151/marmi-bruno-p5.webp
MARMI BRUNO,VIT-60120-8.50-GLO-MAR-WHIT-151,glossy 3.3.zip,glossy 3.3/MARMI BRUNO/MARMI BRUNO_P6.jpg,product,6,products/glossy/vit-60120-8-50-glo-mar-whit-151/originals/MARMI BRUNO_P6.jpg,products/glossy/vit-60120-8-50-glo-mar-whit-151/thumbnails/marmi-bruno-p6.webp,thumbnails/vit-60120-8-50-glo-mar-whit-151/marmi-bruno-p6.webp
MARMI BRUNO,VIT-60120-8.50-GLO-MAR-WHIT-151,glossy 3.3.zip,glossy 3.3/MARMI BRUNO/MARMI BRUNO_P7.jpg,product,7,products/glossy/vit-60120-8-50-glo-mar-whit-151/originals/MARMI BRUNO_P7.jpg,products/glossy/vit-60120-8-50-glo-mar-whit-151/thumbnails/marmi-bruno-p7.webp,thumbnails/vit-60120-8-50-glo-mar-whit-151/marmi-bruno-p7.webp
MARMI BRUNO,VIT-60120-8.50-GLO-MAR-WHIT-151,glossy 3.3.zip,glossy 3.3/MARMI BRUNO/MARMI BRUNO_P8.jpg,product,8,products/glossy/vit-60120-8-50-glo-mar-whit-151/originals/MARMI BRUNO_P8.jpg,products/glossy/vit-60120-8-50-glo-mar-whit-151/thumbnails/marmi-bruno-p8.webp,thumbnails/vit-60120-8-50-glo-mar-whit-151/marmi-bruno-p8.webp
MARMI BRUNO,VIT-60120-8.50-GLO-MAR-WHIT-151,glossy 3.3.zip,glossy 3.3/MARMI BRUNO/MARMI BRUNO_P9.jpg,product,9,products/glossy/vit-60120-8-50-glo-mar-whit-151/originals/MARMI BRUNO_P9.jpg,products/glossy/vit-60120-8-50-glo-mar-whit-151/thumbnails/marmi-bruno-p9.webp,thumbnails/vit-60120-8-50-glo-mar-whit-151/marmi-bruno-p9.webp
MELTONE BIANCO,VIT-60120-8.50-GLO-MAR-WHIT-152,glossy 3.3.zip,glossy 3.3/MELTONE BIANCO/MELTONE BIANCO_01.jpg,other,1,products/glossy/vit-60120-8-50-glo-mar-whit-152/originals/MELTONE BIANCO_01.jpg,products/glossy/vit-60120-8-50-glo-mar-whit-152/thumbnails/meltone-bianco-01.webp,thumbnails/vit-60120-8-50-glo-mar-whit-152/meltone-bianco-01.webp
MELTONE BIANCO,VIT-60120-8.50-GLO-MAR-WHIT-152,glossy 3.3.zip,glossy 3.3/MELTONE BIANCO/MELTONE BIANCO_02.jpg,other,2,products/glossy/vit-60120-8-50-glo-mar-whit-152/originals/MELTONE BIANCO_02.jpg,products/glossy/vit-60120-8-50-glo-mar-whit-152/thumbnails/meltone-bianco-02.webp,thumbnails/vit-60120-8-50-glo-mar-whit-152/meltone-bianco-02.webp
MELTONE BIANCO,VIT-60120-8.50-GLO-MAR-WHIT-152,glossy 3.3.zip,glossy 3.3/MELTONE BIANCO/MELTONE BIANCO_03.jpg,other,3,products/glossy/vit-60120-8-50-glo-mar-whit-152/originals/MELTONE BIANCO_03.jpg,products/glossy/vit-60120-8-50-glo-mar-whit-152/thumbnails/meltone-bianco-03.webp,thumbnails/vit-60120-8-50-glo-mar-whit-152/meltone-bianco-03.webp
MELTONE BIANCO,VIT-60120-8.50-GLO-MAR-WHIT-152,glossy 3.3.zip,glossy 3.3/MELTONE BIANCO/MELTONE BIANCO_04.jpg,other,4,products/glossy/vit-60120-8-50-glo-mar-whit-152/originals/MELTONE BIANCO_04.jpg,products/glossy/vit-60120-8-50-glo-mar-whit-152/thumbnails/meltone-bianco-04.webp,thumbnails/vit-60120-8-50-glo-mar-whit-152/meltone-bianco-04.webp
MORADIYA BEIGE,VIT-60120-8.50-GLO-MAR-WHIT-153,glossy 3.3.zip,glossy 3.3/MORADIYA BEIGE/MORADIYA BEIGE P1.jpg,product,1,products/glossy/vit-60120-8-50-glo-mar-whit-153/originals/MORADIYA BEIGE P1.jpg,products/glossy/vit-60120-8-50-glo-mar-whit-153/thumbnails/moradiya-beige-p1.webp,thumbnails/vit-60120-8-50-glo-mar-whit-153/moradiya-beige-p1.webp
MORADIYA BEIGE,VIT-60120-8.50-GLO-MAR-WHIT-153,glossy 3.3.zip,glossy 3.3/MORADIYA BEIGE/MORADIYA BEIGE P2.jpg,product,2,products/glossy/vit-60120-8-50-glo-mar-whit-153/originals/MORADIYA BEIGE P2.jpg,products/glossy/vit-60120-8-50-glo-mar-whit-153/thumbnails/moradiya-beige-p2.webp,thumbnails/vit-60120-8-50-glo-mar-whit-153/moradiya-beige-p2.webp
MORADIYA BEIGE,VIT-60120-8.50-GLO-MAR-WHIT-153,glossy 3.3.zip,glossy 3.3/MORADIYA BEIGE/MORADIYA BEIGE P3.jpg,product,3,products/glossy/vit-60120-8-50-glo-mar-whit-153/originals/MORADIYA BEIGE P3.jpg,products/glossy/vit-60120-8-50-glo-mar-whit-153/thumbnails/moradiya-beige-p3.webp,thumbnails/vit-60120-8-50-glo-mar-whit-153/moradiya-beige-p3.webp
MORADIYA BEIGE,VIT-60120-8.50-GLO-MAR-WHIT-153,glossy 3.3.zip,glossy 3.3/MORADIYA BEIGE/MORADIYA BEIGE P4.jpg,product,4,products/glossy/vit-60120-8-50-glo-mar-whit-153/originals/MORADIYA BEIGE P4.jpg,products/glossy/vit-60120-8-50-glo-mar-whit-153/thumbnails/moradiya-beige-p4.webp,thumbnails/vit-60120-8-50-glo-mar-whit-153/moradiya-beige-p4.webp
MORADIYA GREY,VIT-60120-8.50-GLO-MAR-WHIT-154,glossy 3.3.zip,glossy 3.3/MORADIYA GREY/MORADIYA GREY P1.jpg,product,1,products/glossy/vit-60120-8-50-glo-mar-whit-154/originals/MORADIYA GREY P1.jpg,products/glossy/vit-60120-8-50-glo-mar-whit-154/thumbnails/moradiya-grey-p1.webp,thumbnails/vit-60120-8-50-glo-mar-whit-154/moradiya-grey-p1.webp
MORADIYA GREY,VIT-60120-8.50-GLO-MAR-WHIT-154,glossy 3.3.zip,glossy 3.3/MORADIYA GREY/MORADIYA GREY P2.jpg,product,2,products/glossy/vit-60120-8-50-glo-mar-whit-154/originals/MORADIYA GREY P2.jpg,products/glossy/vit-60120-8-50-glo-mar-whit-154/thumbnails/moradiya-grey-p2.webp,thumbnails/vit-60120-8-50-glo-mar-whit-154/moradiya-grey-p2.webp
MORADIYA GREY,VIT-60120-8.50-GLO-MAR-WHIT-154,glossy 3.3.zip,glossy 3.3/MORADIYA GREY/MORADIYA GREY P3.jpg,product,3,products/glossy/vit-60120-8-50-glo-mar-whit-154/originals/MORADIYA GREY P3.jpg,products/glossy/vit-60120-8-50-glo-mar-whit-154/thumbnails/moradiya-grey-p3.webp,thumbnails/vit-60120-8-50-glo-mar-whit-154/moradiya-grey-p3.webp
MORADIYA GREY,VIT-60120-8.50-GLO-MAR-WHIT-154,glossy 3.3.zip,glossy 3.3/MORADIYA GREY/MORADIYA GREY P4.jpg,product,4,products/glossy/vit-60120-8-50-glo-mar-whit-154/originals/MORADIYA GREY P4.jpg,products/glossy/vit-60120-8-50-glo-mar-whit-154/thumbnails/moradiya-grey-p4.webp,thumbnails/vit-60120-8-50-glo-mar-whit-154/moradiya-grey-p4.webp
MORADIYA IVORY,VIT-60120-8.50-GLO-MAR-WHIT-155,glossy 3.3.zip,glossy 3.3/MORADIYA IVORY/MORADIYA IVORY P1.jpg,product,1,products/glossy/vit-60120-8-50-glo-mar-whit-155/originals/MORADIYA IVORY P1.jpg,products/glossy/vit-60120-8-50-glo-mar-whit-155/thumbnails/moradiya-ivory-p1.webp,thumbnails/vit-60120-8-50-glo-mar-whit-155/moradiya-ivory-p1.webp
MORADIYA IVORY,VIT-60120-8.50-GLO-MAR-WHIT-155,glossy 3.3.zip,glossy 3.3/MORADIYA IVORY/MORADIYA IVORY P2.jpg,product,2,products/glossy/vit-60120-8-50-glo-mar-whit-155/originals/MORADIYA IVORY P2.jpg,products/glossy/vit-60120-8-50-glo-mar-whit-155/thumbnails/moradiya-ivory-p2.webp,thumbnails/vit-60120-8-50-glo-mar-whit-155/moradiya-ivory-p2.webp
MORADIYA IVORY,VIT-60120-8.50-GLO-MAR-WHIT-155,glossy 3.3.zip,glossy 3.3/MORADIYA IVORY/MORADIYA IVORY P3.jpg,product,3,products/glossy/vit-60120-8-50-glo-mar-whit-155/originals/MORADIYA IVORY P3.jpg,products/glossy/vit-60120-8-50-glo-mar-whit-155/thumbnails/moradiya-ivory-p3.webp,thumbnails/vit-60120-8-50-glo-mar-whit-155/moradiya-ivory-p3.webp
MORADIYA IVORY,VIT-60120-8.50-GLO-MAR-WHIT-155,glossy 3.3.zip,glossy 3.3/MORADIYA IVORY/MORADIYA IVORY P4.jpg,product,4,products/glossy/vit-60120-8-50-glo-mar-whit-155/originals/MORADIYA IVORY P4.jpg,products/glossy/vit-60120-8-50-glo-mar-whit-155/thumbnails/moradiya-ivory-p4.webp,thumbnails/vit-60120-8-50-glo-mar-whit-155/moradiya-ivory-p4.webp
MORADIYA WHITE,VIT-60120-8.50-GLO-MAR-WHIT-156,glossy 3.3.zip,glossy 3.3/MORADIYA WHITE/MORADIYA WHITE P1.jpg,product,1,products/glossy/vit-60120-8-50-glo-mar-whit-156/originals/MORADIYA WHITE P1.jpg,products/glossy/vit-60120-8-50-glo-mar-whit-156/thumbnails/moradiya-white-p1.webp,thumbnails/vit-60120-8-50-glo-mar-whit-156/moradiya-white-p1.webp
MORADIYA WHITE,VIT-60120-8.50-GLO-MAR-WHIT-156,glossy 3.3.zip,glossy 3.3/MORADIYA WHITE/MORADIYA WHITE P2.jpg,product,2,products/glossy/vit-60120-8-50-glo-mar-whit-156/originals/MORADIYA WHITE P2.jpg,products/glossy/vit-60120-8-50-glo-mar-whit-156/thumbnails/moradiya-white-p2.webp,thumbnails/vit-60120-8-50-glo-mar-whit-156/moradiya-white-p2.webp
MORADIYA WHITE,VIT-60120-8.50-GLO-MAR-WHIT-156,glossy 3.3.zip,glossy 3.3/MORADIYA WHITE/MORADIYA WHITE P3.jpg,product,3,products/glossy/vit-60120-8-50-glo-mar-whit-156/originals/MORADIYA WHITE P3.jpg,products/glossy/vit-60120-8-50-glo-mar-whit-156/thumbnails/moradiya-white-p3.webp,thumbnails/vit-60120-8-50-glo-mar-whit-156/moradiya-white-p3.webp
MORADIYA WHITE,VIT-60120-8.50-GLO-MAR-WHIT-156,glossy 3.3.zip,glossy 3.3/MORADIYA WHITE/MORADIYA WHITE P4.jpg,product,4,products/glossy/vit-60120-8-50-glo-mar-whit-156/originals/MORADIYA WHITE P4.jpg,products/glossy/vit-60120-8-50-glo-mar-whit-156/thumbnails/moradiya-white-p4.webp,thumbnails/vit-60120-8-50-glo-mar-whit-156/moradiya-white-p4.webp
ONYX OMANI BEIGE,VIT-60120-8.50-GLO-MAR-WHIT-157,glossy 4.zip,glossy 4/ONYX OMANI BEIGE/ONYX OMANI BEIGE (VS_23_33_GL)_P11.jpg,product,11,products/glossy/vit-60120-8-50-glo-mar-whit-157/originals/ONYX OMANI BEIGE (VS_23_33_GL)_P11.jpg,products/glossy/vit-60120-8-50-glo-mar-whit-157/thumbnails/onyx-omani-beige-vs-23-33-gl-p11.webp,thumbnails/vit-60120-8-50-glo-mar-whit-157/onyx-omani-beige-vs-23-33-gl-p11.webp
ONYX OMANI BEIGE,VIT-60120-8.50-GLO-MAR-WHIT-157,glossy 4.zip,glossy 4/ONYX OMANI BEIGE/ONYX OMANI BEIGE (VS_23_33_GL)_P12.jpg,product,12,products/glossy/vit-60120-8-50-glo-mar-whit-157/originals/ONYX OMANI BEIGE (VS_23_33_GL)_P12.jpg,products/glossy/vit-60120-8-50-glo-mar-whit-157/thumbnails/onyx-omani-beige-vs-23-33-gl-p12.webp,thumbnails/vit-60120-8-50-glo-mar-whit-157/onyx-omani-beige-vs-23-33-gl-p12.webp
ONYX OMANI BEIGE,VIT-60120-8.50-GLO-MAR-WHIT-157,glossy 4.zip,glossy 4/ONYX OMANI BEIGE/ONYX OMANI BEIGE (VS_23_33_GL)_P13.jpg,product,13,products/glossy/vit-60120-8-50-glo-mar-whit-157/originals/ONYX OMANI BEIGE (VS_23_33_GL)_P13.jpg,products/glossy/vit-60120-8-50-glo-mar-whit-157/thumbnails/onyx-omani-beige-vs-23-33-gl-p13.webp,thumbnails/vit-60120-8-50-glo-mar-whit-157/onyx-omani-beige-vs-23-33-gl-p13.webp
ONYX OMANI BEIGE,VIT-60120-8.50-GLO-MAR-WHIT-157,glossy 4.zip,glossy 4/ONYX OMANI BEIGE/ONYX OMANI BEIGE (VS_23_33_GL)_P14.jpg,product,14,products/glossy/vit-60120-8-50-glo-mar-whit-157/originals/ONYX OMANI BEIGE (VS_23_33_GL)_P14.jpg,products/glossy/vit-60120-8-50-glo-mar-whit-157/thumbnails/onyx-omani-beige-vs-23-33-gl-p14.webp,thumbnails/vit-60120-8-50-glo-mar-whit-157/onyx-omani-beige-vs-23-33-gl-p14.webp
ONYX OMANI BEIGE,VIT-60120-8.50-GLO-MAR-WHIT-157,glossy 4.zip,glossy 4/ONYX OMANI BEIGE/ONYX OMANI BEIGE (VS_23_33_GL)_P15.jpg,product,15,products/glossy/vit-60120-8-50-glo-mar-whit-157/originals/ONYX OMANI BEIGE (VS_23_33_GL)_P15.jpg,products/glossy/vit-60120-8-50-glo-mar-whit-157/thumbnails/onyx-omani-beige-vs-23-33-gl-p15.webp,thumbnails/vit-60120-8-50-glo-mar-whit-157/onyx-omani-beige-vs-23-33-gl-p15.webp
ONYX OMANI SILVER,VIT-60120-8.50-GLO-MAR-WHIT-158,glossy 4.zip,glossy 4/ONYX OMANI SILVER/ONYX OMANI SILVER (VS_23_33_GL_GREY)_P1.jpg,product,1,products/glossy/vit-60120-8-50-glo-mar-whit-158/originals/ONYX OMANI SILVER (VS_23_33_GL_GREY)_P1.jpg,products/glossy/vit-60120-8-50-glo-mar-whit-158/thumbnails/onyx-omani-silver-vs-23-33-gl-grey-p1.webp,thumbnails/vit-60120-8-50-glo-mar-whit-158/onyx-omani-silver-vs-23-33-gl-grey-p1.webp
ONYX OMANI SILVER,VIT-60120-8.50-GLO-MAR-WHIT-158,glossy 4.zip,glossy 4/ONYX OMANI SILVER/ONYX OMANI SILVER (VS_23_33_GL_GREY)_P2.jpg,product,2,products/glossy/vit-60120-8-50-glo-mar-whit-158/originals/ONYX OMANI SILVER (VS_23_33_GL_GREY)_P2.jpg,products/glossy/vit-60120-8-50-glo-mar-whit-158/thumbnails/onyx-omani-silver-vs-23-33-gl-grey-p2.webp,thumbnails/vit-60120-8-50-glo-mar-whit-158/onyx-omani-silver-vs-23-33-gl-grey-p2.webp
ONYX OMANI SILVER,VIT-60120-8.50-GLO-MAR-WHIT-158,glossy 4.zip,glossy 4/ONYX OMANI SILVER/ONYX OMANI SILVER (VS_23_33_GL_GREY)_P3.jpg,product,3,products/glossy/vit-60120-8-50-glo-mar-whit-158/originals/ONYX OMANI SILVER (VS_23_33_GL_GREY)_P3.jpg,products/glossy/vit-60120-8-50-glo-mar-whit-158/thumbnails/onyx-omani-silver-vs-23-33-gl-grey-p3.webp,thumbnails/vit-60120-8-50-glo-mar-whit-158/onyx-omani-silver-vs-23-33-gl-grey-p3.webp
ONYX OMANI SILVER,VIT-60120-8.50-GLO-MAR-WHIT-158,glossy 4.zip,glossy 4/ONYX OMANI SILVER/ONYX OMANI SILVER (VS_23_33_GL_GREY)_P4.jpg,product,4,products/glossy/vit-60120-8-50-glo-mar-whit-158/originals/ONYX OMANI SILVER (VS_23_33_GL_GREY)_P4.jpg,products/glossy/vit-60120-8-50-glo-mar-whit-158/thumbnails/onyx-omani-silver-vs-23-33-gl-grey-p4.webp,thumbnails/vit-60120-8-50-glo-mar-whit-158/onyx-omani-silver-vs-23-33-gl-grey-p4.webp
ONYX OMANI SILVER,VIT-60120-8.50-GLO-MAR-WHIT-158,glossy 4.zip,glossy 4/ONYX OMANI SILVER/ONYX OMANI SILVER (VS_23_33_GL_GREY)_P5.jpg,product,5,products/glossy/vit-60120-8-50-glo-mar-whit-158/originals/ONYX OMANI SILVER (VS_23_33_GL_GREY)_P5.jpg,products/glossy/vit-60120-8-50-glo-mar-whit-158/thumbnails/onyx-omani-silver-vs-23-33-gl-grey-p5.webp,thumbnails/vit-60120-8-50-glo-mar-whit-158/onyx-omani-silver-vs-23-33-gl-grey-p5.webp
PICASSO BIANCO,VIT-60120-8.50-GLO-MAR-WHIT-159,glossy 4.zip,glossy 4/PICASSO BIANCO/PICASSO BIANCO_P1.jpg,product,1,products/glossy/vit-60120-8-50-glo-mar-whit-159/originals/PICASSO BIANCO_P1.jpg,products/glossy/vit-60120-8-50-glo-mar-whit-159/thumbnails/picasso-bianco-p1.webp,thumbnails/vit-60120-8-50-glo-mar-whit-159/picasso-bianco-p1.webp
PICASSO BIANCO,VIT-60120-8.50-GLO-MAR-WHIT-159,glossy 4.zip,glossy 4/PICASSO BIANCO/PICASSO BIANCO_P2.jpg,product,2,products/glossy/vit-60120-8-50-glo-mar-whit-159/originals/PICASSO BIANCO_P2.jpg,products/glossy/vit-60120-8-50-glo-mar-whit-159/thumbnails/picasso-bianco-p2.webp,thumbnails/vit-60120-8-50-glo-mar-whit-159/picasso-bianco-p2.webp
PICASSO BIANCO,VIT-60120-8.50-GLO-MAR-WHIT-159,glossy 4.zip,glossy 4/PICASSO BIANCO/PICASSO BIANCO_P3.jpg,product,3,products/glossy/vit-60120-8-50-glo-mar-whit-159/originals/PICASSO BIANCO_P3.jpg,products/glossy/vit-60120-8-50-glo-mar-whit-159/thumbnails/picasso-bianco-p3.webp,thumbnails/vit-60120-8-50-glo-mar-whit-159/picasso-bianco-p3.webp
PICASSO BIANCO,VIT-60120-8.50-GLO-MAR-WHIT-159,glossy 4.zip,glossy 4/PICASSO BIANCO/PICASSO BIANCO_P4.jpg,product,4,products/glossy/vit-60120-8-50-glo-mar-whit-159/originals/PICASSO BIANCO_P4.jpg,products/glossy/vit-60120-8-50-glo-mar-whit-159/thumbnails/picasso-bianco-p4.webp,thumbnails/vit-60120-8-50-glo-mar-whit-159/picasso-bianco-p4.webp
PICASSO GREY,VIT-60120-8.50-GLO-MAR-WHIT-160,glossy 4.zip,glossy 4/PICASSO GREY/PICASSO GREY_P1.jpg,product,1,products/glossy/vit-60120-8-50-glo-mar-whit-160/originals/PICASSO GREY_P1.jpg,products/glossy/vit-60120-8-50-glo-mar-whit-160/thumbnails/picasso-grey-p1.webp,thumbnails/vit-60120-8-50-glo-mar-whit-160/picasso-grey-p1.webp
PICASSO GREY,VIT-60120-8.50-GLO-MAR-WHIT-160,glossy 4.zip,glossy 4/PICASSO GREY/PICASSO GREY_P2.jpg,product,2,products/glossy/vit-60120-8-50-glo-mar-whit-160/originals/PICASSO GREY_P2.jpg,products/glossy/vit-60120-8-50-glo-mar-whit-160/thumbnails/picasso-grey-p2.webp,thumbnails/vit-60120-8-50-glo-mar-whit-160/picasso-grey-p2.webp
PICASSO GREY,VIT-60120-8.50-GLO-MAR-WHIT-160,glossy 4.zip,glossy 4/PICASSO GREY/PICASSO GREY_P3.jpg,product,3,products/glossy/vit-60120-8-50-glo-mar-whit-160/originals/PICASSO GREY_P3.jpg,products/glossy/vit-60120-8-50-glo-mar-whit-160/thumbnails/picasso-grey-p3.webp,thumbnails/vit-60120-8-50-glo-mar-whit-160/picasso-grey-p3.webp
PICASSO GREY,VIT-60120-8.50-GLO-MAR-WHIT-160,glossy 4.zip,glossy 4/PICASSO GREY/PICASSO GREY_P4.jpg,product,4,products/glossy/vit-60120-8-50-glo-mar-whit-160/originals/PICASSO GREY_P4.jpg,products/glossy/vit-60120-8-50-glo-mar-whit-160/thumbnails/picasso-grey-p4.webp,thumbnails/vit-60120-8-50-glo-mar-whit-160/picasso-grey-p4.webp
PLAZMA NATURAL,VIT-60120-8.50-GLO-MAR-WHIT-161,glossy 4.zip,glossy 4/PLAZMA NATURAL/PLAZMA NATURAL_P1.jpg,product,1,products/glossy/vit-60120-8-50-glo-mar-whit-161/originals/PLAZMA NATURAL_P1.jpg,products/glossy/vit-60120-8-50-glo-mar-whit-161/thumbnails/plazma-natural-p1.webp,thumbnails/vit-60120-8-50-glo-mar-whit-161/plazma-natural-p1.webp
PLAZMA NATURAL,VIT-60120-8.50-GLO-MAR-WHIT-161,glossy 4.zip,glossy 4/PLAZMA NATURAL/PLAZMA NATURAL_P2.jpg,product,2,products/glossy/vit-60120-8-50-glo-mar-whit-161/originals/PLAZMA NATURAL_P2.jpg,products/glossy/vit-60120-8-50-glo-mar-whit-161/thumbnails/plazma-natural-p2.webp,thumbnails/vit-60120-8-50-glo-mar-whit-161/plazma-natural-p2.webp
QUA BEIGE,VIT-60120-8.50-GLO-MAR-WHIT-162,glossy 4.zip,glossy 4/QUA BEIGE/QUA BEIGE_R1.jpg,room,1,products/glossy/vit-60120-8-50-glo-mar-whit-162/originals/QUA BEIGE_R1.jpg,products/glossy/vit-60120-8-50-glo-mar-whit-162/thumbnails/qua-beige-r1.webp,thumbnails/vit-60120-8-50-glo-mar-whit-162/qua-beige-r1.webp
QUA BEIGE,VIT-60120-8.50-GLO-MAR-WHIT-162,glossy 4.zip,glossy 4/QUA BEIGE/QUA BEIGE_R2.jpg,room,2,products/glossy/vit-60120-8-50-glo-mar-whit-162/originals/QUA BEIGE_R2.jpg,products/glossy/vit-60120-8-50-glo-mar-whit-162/thumbnails/qua-beige-r2.webp,thumbnails/vit-60120-8-50-glo-mar-whit-162/qua-beige-r2.webp
QUA BEIGE,VIT-60120-8.50-GLO-MAR-WHIT-162,glossy 4.zip,glossy 4/QUA BEIGE/QUA BEIGE_R3.jpg,room,3,products/glossy/vit-60120-8-50-glo-mar-whit-162/originals/QUA BEIGE_R3.jpg,products/glossy/vit-60120-8-50-glo-mar-whit-162/thumbnails/qua-beige-r3.webp,thumbnails/vit-60120-8-50-glo-mar-whit-162/qua-beige-r3.webp
QUA BEIGE,VIT-60120-8.50-GLO-MAR-WHIT-162,glossy 4.zip,glossy 4/QUA BEIGE/QUA BEIGE_R4.jpg,room,4,products/glossy/vit-60120-8-50-glo-mar-whit-162/originals/QUA BEIGE_R4.jpg,products/glossy/vit-60120-8-50-glo-mar-whit-162/thumbnails/qua-beige-r4.webp,thumbnails/vit-60120-8-50-glo-mar-whit-162/qua-beige-r4.webp
QUA BROWN,VIT-60120-8.50-GLO-MAR-WHIT-163,glossy 4.zip,glossy 4/QUA BROWN/QUA BROWN_R1.jpg,room,1,products/glossy/vit-60120-8-50-glo-mar-whit-163/originals/QUA BROWN_R1.jpg,products/glossy/vit-60120-8-50-glo-mar-whit-163/thumbnails/qua-brown-r1.webp,thumbnails/vit-60120-8-50-glo-mar-whit-163/qua-brown-r1.webp
QUA BROWN,VIT-60120-8.50-GLO-MAR-WHIT-163,glossy 4.zip,glossy 4/QUA BROWN/QUA BROWN_R2.jpg,room,2,products/glossy/vit-60120-8-50-glo-mar-whit-163/originals/QUA BROWN_R2.jpg,products/glossy/vit-60120-8-50-glo-mar-whit-163/thumbnails/qua-brown-r2.webp,thumbnails/vit-60120-8-50-glo-mar-whit-163/qua-brown-r2.webp
QUA BROWN,VIT-60120-8.50-GLO-MAR-WHIT-163,glossy 4.zip,glossy 4/QUA BROWN/QUA BROWN_R3.jpg,room,3,products/glossy/vit-60120-8-50-glo-mar-whit-163/originals/QUA BROWN_R3.jpg,products/glossy/vit-60120-8-50-glo-mar-whit-163/thumbnails/qua-brown-r3.webp,thumbnails/vit-60120-8-50-glo-mar-whit-163/qua-brown-r3.webp
QUA BROWN,VIT-60120-8.50-GLO-MAR-WHIT-163,glossy 4.zip,glossy 4/QUA BROWN/QUA BROWN_R4.jpg,room,4,products/glossy/vit-60120-8-50-glo-mar-whit-163/originals/QUA BROWN_R4.jpg,products/glossy/vit-60120-8-50-glo-mar-whit-163/thumbnails/qua-brown-r4.webp,thumbnails/vit-60120-8-50-glo-mar-whit-163/qua-brown-r4.webp
QUA NATURAL,VIT-60120-8.50-GLO-MAR-WHIT-164,glossy 4.zip,glossy 4/QUA NATURAL/QUA NATURAL_R1.jpg,room,1,products/glossy/vit-60120-8-50-glo-mar-whit-164/originals/QUA NATURAL_R1.jpg,products/glossy/vit-60120-8-50-glo-mar-whit-164/thumbnails/qua-natural-r1.webp,thumbnails/vit-60120-8-50-glo-mar-whit-164/qua-natural-r1.webp
QUA NATURAL,VIT-60120-8.50-GLO-MAR-WHIT-164,glossy 4.zip,glossy 4/QUA NATURAL/QUA NATURAL_R2.jpg,room,2,products/glossy/vit-60120-8-50-glo-mar-whit-164/originals/QUA NATURAL_R2.jpg,products/glossy/vit-60120-8-50-glo-mar-whit-164/thumbnails/qua-natural-r2.webp,thumbnails/vit-60120-8-50-glo-mar-whit-164/qua-natural-r2.webp
QUA NATURAL,VIT-60120-8.50-GLO-MAR-WHIT-164,glossy 4.zip,glossy 4/QUA NATURAL/QUA NATURAL_R3.jpg,room,3,products/glossy/vit-60120-8-50-glo-mar-whit-164/originals/QUA NATURAL_R3.jpg,products/glossy/vit-60120-8-50-glo-mar-whit-164/thumbnails/qua-natural-r3.webp,thumbnails/vit-60120-8-50-glo-mar-whit-164/qua-natural-r3.webp
QUA NATURAL,VIT-60120-8.50-GLO-MAR-WHIT-164,glossy 4.zip,glossy 4/QUA NATURAL/QUA NATURAL_R4.jpg,room,4,products/glossy/vit-60120-8-50-glo-mar-whit-164/originals/QUA NATURAL_R4.jpg,products/glossy/vit-60120-8-50-glo-mar-whit-164/thumbnails/qua-natural-r4.webp,thumbnails/vit-60120-8-50-glo-mar-whit-164/qua-natural-r4.webp
ROCK ARMANI BIANCO,VIT-60120-8.50-GLO-MAR-WHIT-165,glossy 4.zip,glossy 4/ROCK ARMANI BIANCO/ROCK ARMANI BIANCO_R1.jpg,room,1,products/glossy/vit-60120-8-50-glo-mar-whit-165/originals/ROCK ARMANI BIANCO_R1.jpg,products/glossy/vit-60120-8-50-glo-mar-whit-165/thumbnails/rock-armani-bianco-r1.webp,thumbnails/vit-60120-8-50-glo-mar-whit-165/rock-armani-bianco-r1.webp
ROCK ARMANI BIANCO,VIT-60120-8.50-GLO-MAR-WHIT-165,glossy 4.zip,glossy 4/ROCK ARMANI BIANCO/ROCK ARMANI BIANCO_R2.jpg,room,2,products/glossy/vit-60120-8-50-glo-mar-whit-165/originals/ROCK ARMANI BIANCO_R2.jpg,products/glossy/vit-60120-8-50-glo-mar-whit-165/thumbnails/rock-armani-bianco-r2.webp,thumbnails/vit-60120-8-50-glo-mar-whit-165/rock-armani-bianco-r2.webp
ROCK ARMANI BIANCO,VIT-60120-8.50-GLO-MAR-WHIT-165,glossy 4.zip,glossy 4/ROCK ARMANI BIANCO/ROCK ARMANI BIANCO_R3.jpg,room,3,products/glossy/vit-60120-8-50-glo-mar-whit-165/originals/ROCK ARMANI BIANCO_R3.jpg,products/glossy/vit-60120-8-50-glo-mar-whit-165/thumbnails/rock-armani-bianco-r3.webp,thumbnails/vit-60120-8-50-glo-mar-whit-165/rock-armani-bianco-r3.webp
ROCK ARMANI BIANCO,VIT-60120-8.50-GLO-MAR-WHIT-165,glossy 4.zip,glossy 4/ROCK ARMANI BIANCO/ROCK ARMANI BIANCO_R4.jpg,room,4,products/glossy/vit-60120-8-50-glo-mar-whit-165/originals/ROCK ARMANI BIANCO_R4.jpg,products/glossy/vit-60120-8-50-glo-mar-whit-165/thumbnails/rock-armani-bianco-r4.webp,thumbnails/vit-60120-8-50-glo-mar-whit-165/rock-armani-bianco-r4.webp
ROCK ARMANI GREY,VIT-60120-8.50-GLO-MAR-WHIT-166,glossy 4.zip,glossy 4/ROCK ARMANI GREY/ROCK ARMANI GREY_R1.jpg,room,1,products/glossy/vit-60120-8-50-glo-mar-whit-166/originals/ROCK ARMANI GREY_R1.jpg,products/glossy/vit-60120-8-50-glo-mar-whit-166/thumbnails/rock-armani-grey-r1.webp,thumbnails/vit-60120-8-50-glo-mar-whit-166/rock-armani-grey-r1.webp
ROCK ARMANI GREY,VIT-60120-8.50-GLO-MAR-WHIT-166,glossy 4.zip,glossy 4/ROCK ARMANI GREY/ROCK ARMANI GREY_R2.jpg,room,2,products/glossy/vit-60120-8-50-glo-mar-whit-166/originals/ROCK ARMANI GREY_R2.jpg,products/glossy/vit-60120-8-50-glo-mar-whit-166/thumbnails/rock-armani-grey-r2.webp,thumbnails/vit-60120-8-50-glo-mar-whit-166/rock-armani-grey-r2.webp
ROCK ARMANI GREY,VIT-60120-8.50-GLO-MAR-WHIT-166,glossy 4.zip,glossy 4/ROCK ARMANI GREY/ROCK ARMANI GREY_R3.jpg,room,3,products/glossy/vit-60120-8-50-glo-mar-whit-166/originals/ROCK ARMANI GREY_R3.jpg,products/glossy/vit-60120-8-50-glo-mar-whit-166/thumbnails/rock-armani-grey-r3.webp,thumbnails/vit-60120-8-50-glo-mar-whit-166/rock-armani-grey-r3.webp
ROCK ARMANI GREY,VIT-60120-8.50-GLO-MAR-WHIT-166,glossy 4.zip,glossy 4/ROCK ARMANI GREY/ROCK ARMANI GREY_R4.jpg,room,4,products/glossy/vit-60120-8-50-glo-mar-whit-166/originals/ROCK ARMANI GREY_R4.jpg,products/glossy/vit-60120-8-50-glo-mar-whit-166/thumbnails/rock-armani-grey-r4.webp,thumbnails/vit-60120-8-50-glo-mar-whit-166/rock-armani-grey-r4.webp
ROCK ROYAL BEIGE,VIT-60120-8.50-GLO-MAR-WHIT-167,glossy 4.1.zip,glossy 4.1/ROCK ROYAL BEIGE/ROCK ROYAL BEIGE_R1.jpg,room,1,products/glossy/vit-60120-8-50-glo-mar-whit-167/originals/ROCK ROYAL BEIGE_R1.jpg,products/glossy/vit-60120-8-50-glo-mar-whit-167/thumbnails/rock-royal-beige-r1.webp,thumbnails/vit-60120-8-50-glo-mar-whit-167/rock-royal-beige-r1.webp
ROCK ROYAL BEIGE,VIT-60120-8.50-GLO-MAR-WHIT-167,glossy 4.1.zip,glossy 4.1/ROCK ROYAL BEIGE/ROCK ROYAL BEIGE_R2.jpg,room,2,products/glossy/vit-60120-8-50-glo-mar-whit-167/originals/ROCK ROYAL BEIGE_R2.jpg,products/glossy/vit-60120-8-50-glo-mar-whit-167/thumbnails/rock-royal-beige-r2.webp,thumbnails/vit-60120-8-50-glo-mar-whit-167/rock-royal-beige-r2.webp
ROCK ROYAL BEIGE,VIT-60120-8.50-GLO-MAR-WHIT-167,glossy 4.1.zip,glossy 4.1/ROCK ROYAL BEIGE/ROCK ROYAL BEIGE_R3.jpg,room,3,products/glossy/vit-60120-8-50-glo-mar-whit-167/originals/ROCK ROYAL BEIGE_R3.jpg,products/glossy/vit-60120-8-50-glo-mar-whit-167/thumbnails/rock-royal-beige-r3.webp,thumbnails/vit-60120-8-50-glo-mar-whit-167/rock-royal-beige-r3.webp
ROCK ROYAL BEIGE,VIT-60120-8.50-GLO-MAR-WHIT-167,glossy 4.1.zip,glossy 4.1/ROCK ROYAL BEIGE/ROCK ROYAL BEIGE_R4.jpg,room,4,products/glossy/vit-60120-8-50-glo-mar-whit-167/originals/ROCK ROYAL BEIGE_R4.jpg,products/glossy/vit-60120-8-50-glo-mar-whit-167/thumbnails/rock-royal-beige-r4.webp,thumbnails/vit-60120-8-50-glo-mar-whit-167/rock-royal-beige-r4.webp
ROCK ROYAL BIANCO,VIT-60120-8.50-GLO-MAR-WHIT-168,glossy 4.1.zip,glossy 4.1/ROCK ROYAL BIANCO/ROCK ROYAL BIANCO_R1.jpg,room,1,products/glossy/vit-60120-8-50-glo-mar-whit-168/originals/ROCK ROYAL BIANCO_R1.jpg,products/glossy/vit-60120-8-50-glo-mar-whit-168/thumbnails/rock-royal-bianco-r1.webp,thumbnails/vit-60120-8-50-glo-mar-whit-168/rock-royal-bianco-r1.webp
ROCK ROYAL BIANCO,VIT-60120-8.50-GLO-MAR-WHIT-168,glossy 4.1.zip,glossy 4.1/ROCK ROYAL BIANCO/ROCK ROYAL BIANCO_R2.jpg,room,2,products/glossy/vit-60120-8-50-glo-mar-whit-168/originals/ROCK ROYAL BIANCO_R2.jpg,products/glossy/vit-60120-8-50-glo-mar-whit-168/thumbnails/rock-royal-bianco-r2.webp,thumbnails/vit-60120-8-50-glo-mar-whit-168/rock-royal-bianco-r2.webp
ROCK ROYAL BIANCO,VIT-60120-8.50-GLO-MAR-WHIT-168,glossy 4.1.zip,glossy 4.1/ROCK ROYAL BIANCO/ROCK ROYAL BIANCO_R3.jpg,room,3,products/glossy/vit-60120-8-50-glo-mar-whit-168/originals/ROCK ROYAL BIANCO_R3.jpg,products/glossy/vit-60120-8-50-glo-mar-whit-168/thumbnails/rock-royal-bianco-r3.webp,thumbnails/vit-60120-8-50-glo-mar-whit-168/rock-royal-bianco-r3.webp
ROCK ROYAL BIANCO,VIT-60120-8.50-GLO-MAR-WHIT-168,glossy 4.1.zip,glossy 4.1/ROCK ROYAL BIANCO/ROCK ROYAL BIANCO_R4.jpg,room,4,products/glossy/vit-60120-8-50-glo-mar-whit-168/originals/ROCK ROYAL BIANCO_R4.jpg,products/glossy/vit-60120-8-50-glo-mar-whit-168/thumbnails/rock-royal-bianco-r4.webp,thumbnails/vit-60120-8-50-glo-mar-whit-168/rock-royal-bianco-r4.webp
ROCK ROYAL BROWN,VIT-60120-8.50-GLO-MAR-WHIT-169,glossy 4.1.zip,glossy 4.1/ROCK ROYAL BROWN/ROCK ROYAL BROWN_R1.jpg,room,1,products/glossy/vit-60120-8-50-glo-mar-whit-169/originals/ROCK ROYAL BROWN_R1.jpg,products/glossy/vit-60120-8-50-glo-mar-whit-169/thumbnails/rock-royal-brown-r1.webp,thumbnails/vit-60120-8-50-glo-mar-whit-169/rock-royal-brown-r1.webp
ROCK ROYAL BROWN,VIT-60120-8.50-GLO-MAR-WHIT-169,glossy 4.1.zip,glossy 4.1/ROCK ROYAL BROWN/ROCK ROYAL BROWN_R2.jpg,room,2,products/glossy/vit-60120-8-50-glo-mar-whit-169/originals/ROCK ROYAL BROWN_R2.jpg,products/glossy/vit-60120-8-50-glo-mar-whit-169/thumbnails/rock-royal-brown-r2.webp,thumbnails/vit-60120-8-50-glo-mar-whit-169/rock-royal-brown-r2.webp
ROCK ROYAL BROWN,VIT-60120-8.50-GLO-MAR-WHIT-169,glossy 4.1.zip,glossy 4.1/ROCK ROYAL BROWN/ROCK ROYAL BROWN_R3.jpg,room,3,products/glossy/vit-60120-8-50-glo-mar-whit-169/originals/ROCK ROYAL BROWN_R3.jpg,products/glossy/vit-60120-8-50-glo-mar-whit-169/thumbnails/rock-royal-brown-r3.webp,thumbnails/vit-60120-8-50-glo-mar-whit-169/rock-royal-brown-r3.webp
ROCK ROYAL BROWN,VIT-60120-8.50-GLO-MAR-WHIT-169,glossy 4.1.zip,glossy 4.1/ROCK ROYAL BROWN/ROCK ROYAL BROWN_R4.jpg,room,4,products/glossy/vit-60120-8-50-glo-mar-whit-169/originals/ROCK ROYAL BROWN_R4.jpg,products/glossy/vit-60120-8-50-glo-mar-whit-169/thumbnails/rock-royal-brown-r4.webp,thumbnails/vit-60120-8-50-glo-mar-whit-169/rock-royal-brown-r4.webp
ROCK ROYAL GREY,VIT-60120-8.50-GLO-MAR-WHIT-170,glossy 4.1.zip,glossy 4.1/ROCK ROYAL GREY/ROCK ROYAL GREY_R1.jpg,room,1,products/glossy/vit-60120-8-50-glo-mar-whit-170/originals/ROCK ROYAL GREY_R1.jpg,products/glossy/vit-60120-8-50-glo-mar-whit-170/thumbnails/rock-royal-grey-r1.webp,thumbnails/vit-60120-8-50-glo-mar-whit-170/rock-royal-grey-r1.webp
ROCK ROYAL GREY,VIT-60120-8.50-GLO-MAR-WHIT-170,glossy 4.1.zip,glossy 4.1/ROCK ROYAL GREY/ROCK ROYAL GREY_R2.jpg,room,2,products/glossy/vit-60120-8-50-glo-mar-whit-170/originals/ROCK ROYAL GREY_R2.jpg,products/glossy/vit-60120-8-50-glo-mar-whit-170/thumbnails/rock-royal-grey-r2.webp,thumbnails/vit-60120-8-50-glo-mar-whit-170/rock-royal-grey-r2.webp
ROCK ROYAL GREY,VIT-60120-8.50-GLO-MAR-WHIT-170,glossy 4.1.zip,glossy 4.1/ROCK ROYAL GREY/ROCK ROYAL GREY_R3.jpg,room,3,products/glossy/vit-60120-8-50-glo-mar-whit-170/originals/ROCK ROYAL GREY_R3.jpg,products/glossy/vit-60120-8-50-glo-mar-whit-170/thumbnails/rock-royal-grey-r3.webp,thumbnails/vit-60120-8-50-glo-mar-whit-170/rock-royal-grey-r3.webp
ROCK ROYAL GREY,VIT-60120-8.50-GLO-MAR-WHIT-170,glossy 4.1.zip,glossy 4.1/ROCK ROYAL GREY/ROCK ROYAL GREY_R4.jpg,room,4,products/glossy/vit-60120-8-50-glo-mar-whit-170/originals/ROCK ROYAL GREY_R4.jpg,products/glossy/vit-60120-8-50-glo-mar-whit-170/thumbnails/rock-royal-grey-r4.webp,thumbnails/vit-60120-8-50-glo-mar-whit-170/rock-royal-grey-r4.webp
ROME GREY,VIT-60120-8.50-GLO-MAR-WHIT-171,glossy 4.1.zip,glossy 4.1/ROME GREY/ROME GREY_P1.jpg,product,1,products/glossy/vit-60120-8-50-glo-mar-whit-171/originals/ROME GREY_P1.jpg,products/glossy/vit-60120-8-50-glo-mar-whit-171/thumbnails/rome-grey-p1.webp,thumbnails/vit-60120-8-50-glo-mar-whit-171/rome-grey-p1.webp
ROME GREY,VIT-60120-8.50-GLO-MAR-WHIT-171,glossy 4.1.zip,glossy 4.1/ROME GREY/ROME GREY_P2.jpg,product,2,products/glossy/vit-60120-8-50-glo-mar-whit-171/originals/ROME GREY_P2.jpg,products/glossy/vit-60120-8-50-glo-mar-whit-171/thumbnails/rome-grey-p2.webp,thumbnails/vit-60120-8-50-glo-mar-whit-171/rome-grey-p2.webp
ROME IVORY,VIT-60120-8.50-GLO-MAR-WHIT-172,glossy 4.1.zip,glossy 4.1/ROME IVORY/ROME IVORY P1.jpg,product,1,products/glossy/vit-60120-8-50-glo-mar-whit-172/originals/ROME IVORY P1.jpg,products/glossy/vit-60120-8-50-glo-mar-whit-172/thumbnails/rome-ivory-p1.webp,thumbnails/vit-60120-8-50-glo-mar-whit-172/rome-ivory-p1.webp
ROME IVORY,VIT-60120-8.50-GLO-MAR-WHIT-172,glossy 4.1.zip,glossy 4.1/ROME IVORY/ROME IVORY P2.jpg,product,2,products/glossy/vit-60120-8-50-glo-mar-whit-172/originals/ROME IVORY P2.jpg,products/glossy/vit-60120-8-50-glo-mar-whit-172/thumbnails/rome-ivory-p2.webp,thumbnails/vit-60120-8-50-glo-mar-whit-172/rome-ivory-p2.webp
SATORI CREMA,VIT-60120-8.50-GLO-MAR-WHIT-173,glossy 4.1.zip,glossy 4.1/SATORI CREMA/SATORI CREMA_R1.jpg,room,1,products/glossy/vit-60120-8-50-glo-mar-whit-173/originals/SATORI CREMA_R1.jpg,products/glossy/vit-60120-8-50-glo-mar-whit-173/thumbnails/satori-crema-r1.webp,thumbnails/vit-60120-8-50-glo-mar-whit-173/satori-crema-r1.webp
SATORI CREMA,VIT-60120-8.50-GLO-MAR-WHIT-173,glossy 4.1.zip,glossy 4.1/SATORI CREMA/SATORI CREMA_R2.jpg,room,2,products/glossy/vit-60120-8-50-glo-mar-whit-173/originals/SATORI CREMA_R2.jpg,products/glossy/vit-60120-8-50-glo-mar-whit-173/thumbnails/satori-crema-r2.webp,thumbnails/vit-60120-8-50-glo-mar-whit-173/satori-crema-r2.webp
SATORI CREMA,VIT-60120-8.50-GLO-MAR-WHIT-173,glossy 4.1.zip,glossy 4.1/SATORI CREMA/SATORI CREMA_R3.jpg,room,3,products/glossy/vit-60120-8-50-glo-mar-whit-173/originals/SATORI CREMA_R3.jpg,products/glossy/vit-60120-8-50-glo-mar-whit-173/thumbnails/satori-crema-r3.webp,thumbnails/vit-60120-8-50-glo-mar-whit-173/satori-crema-r3.webp
SATORI CREMA,VIT-60120-8.50-GLO-MAR-WHIT-173,glossy 4.1.zip,glossy 4.1/SATORI CREMA/SATORI CREMA_R4.jpg,room,4,products/glossy/vit-60120-8-50-glo-mar-whit-173/originals/SATORI CREMA_R4.jpg,products/glossy/vit-60120-8-50-glo-mar-whit-173/thumbnails/satori-crema-r4.webp,thumbnails/vit-60120-8-50-glo-mar-whit-173/satori-crema-r4.webp
SATORI GREY,VIT-60120-8.50-GLO-MAR-WHIT-174,glossy 4.1.zip,glossy 4.1/SATORI GREY/SATORI GREY_R1.jpg,room,1,products/glossy/vit-60120-8-50-glo-mar-whit-174/originals/SATORI GREY_R1.jpg,products/glossy/vit-60120-8-50-glo-mar-whit-174/thumbnails/satori-grey-r1.webp,thumbnails/vit-60120-8-50-glo-mar-whit-174/satori-grey-r1.webp
SATORI GREY,VIT-60120-8.50-GLO-MAR-WHIT-174,glossy 4.1.zip,glossy 4.1/SATORI GREY/SATORI GREY_R2.jpg,room,2,products/glossy/vit-60120-8-50-glo-mar-whit-174/originals/SATORI GREY_R2.jpg,products/glossy/vit-60120-8-50-glo-mar-whit-174/thumbnails/satori-grey-r2.webp,thumbnails/vit-60120-8-50-glo-mar-whit-174/satori-grey-r2.webp
SATORI GREY,VIT-60120-8.50-GLO-MAR-WHIT-174,glossy 4.1.zip,glossy 4.1/SATORI GREY/SATORI GREY_R3.jpg,room,3,products/glossy/vit-60120-8-50-glo-mar-whit-174/originals/SATORI GREY_R3.jpg,products/glossy/vit-60120-8-50-glo-mar-whit-174/thumbnails/satori-grey-r3.webp,thumbnails/vit-60120-8-50-glo-mar-whit-174/satori-grey-r3.webp
SATORI GREY,VIT-60120-8.50-GLO-MAR-WHIT-174,glossy 4.1.zip,glossy 4.1/SATORI GREY/SATORI GREY_R4.jpg,room,4,products/glossy/vit-60120-8-50-glo-mar-whit-174/originals/SATORI GREY_R4.jpg,products/glossy/vit-60120-8-50-glo-mar-whit-174/thumbnails/satori-grey-r4.webp,thumbnails/vit-60120-8-50-glo-mar-whit-174/satori-grey-r4.webp
SHG HARVEST GREY,VIT-60120-8.50-GLO-MAR-WHIT-175,glossy 4.1.zip,glossy 4.1/SHG HARVEST GREY/SHG HARVEST GREY_P1.jpg,product,1,products/glossy/vit-60120-8-50-glo-mar-whit-175/originals/SHG HARVEST GREY_P1.jpg,products/glossy/vit-60120-8-50-glo-mar-whit-175/thumbnails/shg-harvest-grey-p1.webp,thumbnails/vit-60120-8-50-glo-mar-whit-175/shg-harvest-grey-p1.webp
SHG HARVEST GREY,VIT-60120-8.50-GLO-MAR-WHIT-175,glossy 4.1.zip,glossy 4.1/SHG HARVEST GREY/SHG HARVEST GREY_P2.jpg,product,2,products/glossy/vit-60120-8-50-glo-mar-whit-175/originals/SHG HARVEST GREY_P2.jpg,products/glossy/vit-60120-8-50-glo-mar-whit-175/thumbnails/shg-harvest-grey-p2.webp,thumbnails/vit-60120-8-50-glo-mar-whit-175/shg-harvest-grey-p2.webp
SHG HARVEST GREY,VIT-60120-8.50-GLO-MAR-WHIT-175,glossy 4.1.zip,glossy 4.1/SHG HARVEST GREY/SHG HARVEST GREY_P3.jpg,product,3,products/glossy/vit-60120-8-50-glo-mar-whit-175/originals/SHG HARVEST GREY_P3.jpg,products/glossy/vit-60120-8-50-glo-mar-whit-175/thumbnails/shg-harvest-grey-p3.webp,thumbnails/vit-60120-8-50-glo-mar-whit-175/shg-harvest-grey-p3.webp
SHG HARVEST GREY,VIT-60120-8.50-GLO-MAR-WHIT-175,glossy 4.1.zip,glossy 4.1/SHG HARVEST GREY/SHG HARVEST GREY_P4.jpg,product,4,products/glossy/vit-60120-8-50-glo-mar-whit-175/originals/SHG HARVEST GREY_P4.jpg,products/glossy/vit-60120-8-50-glo-mar-whit-175/thumbnails/shg-harvest-grey-p4.webp,thumbnails/vit-60120-8-50-glo-mar-whit-175/shg-harvest-grey-p4.webp
SHG HARVEST NATURAL,VIT-60120-8.50-GLO-MAR-WHIT-176,glossy 4.1.zip,glossy 4.1/SHG HARVEST NATURAL/SHG HARVEST NATURAL_P1.jpg,product,1,products/glossy/vit-60120-8-50-glo-mar-whit-176/originals/SHG HARVEST NATURAL_P1.jpg,products/glossy/vit-60120-8-50-glo-mar-whit-176/thumbnails/shg-harvest-natural-p1.webp,thumbnails/vit-60120-8-50-glo-mar-whit-176/shg-harvest-natural-p1.webp
SHG HARVEST NATURAL,VIT-60120-8.50-GLO-MAR-WHIT-176,glossy 4.1.zip,glossy 4.1/SHG HARVEST NATURAL/SHG HARVEST NATURAL_P2.jpg,product,2,products/glossy/vit-60120-8-50-glo-mar-whit-176/originals/SHG HARVEST NATURAL_P2.jpg,products/glossy/vit-60120-8-50-glo-mar-whit-176/thumbnails/shg-harvest-natural-p2.webp,thumbnails/vit-60120-8-50-glo-mar-whit-176/shg-harvest-natural-p2.webp
SHG HARVEST NATURAL,VIT-60120-8.50-GLO-MAR-WHIT-176,glossy 4.1.zip,glossy 4.1/SHG HARVEST NATURAL/SHG HARVEST NATURAL_P3.jpg,product,3,products/glossy/vit-60120-8-50-glo-mar-whit-176/originals/SHG HARVEST NATURAL_P3.jpg,products/glossy/vit-60120-8-50-glo-mar-whit-176/thumbnails/shg-harvest-natural-p3.webp,thumbnails/vit-60120-8-50-glo-mar-whit-176/shg-harvest-natural-p3.webp
SHG HARVEST NATURAL,VIT-60120-8.50-GLO-MAR-WHIT-176,glossy 4.1.zip,glossy 4.1/SHG HARVEST NATURAL/SHG HARVEST NATURAL_P4.jpg,product,4,products/glossy/vit-60120-8-50-glo-mar-whit-176/originals/SHG HARVEST NATURAL_P4.jpg,products/glossy/vit-60120-8-50-glo-mar-whit-176/thumbnails/shg-harvest-natural-p4.webp,thumbnails/vit-60120-8-50-glo-mar-whit-176/shg-harvest-natural-p4.webp
SHG MARKINA OLIVE,VIT-60120-8.50-GLO-MAR-WHIT-177,glossy 4.1.zip,glossy 4.1/SHG MARKINA OLIVE/SHG MARKINA OLIVE_P1.jpg,product,1,products/glossy/vit-60120-8-50-glo-mar-whit-177/originals/SHG MARKINA OLIVE_P1.jpg,products/glossy/vit-60120-8-50-glo-mar-whit-177/thumbnails/shg-markina-olive-p1.webp,thumbnails/vit-60120-8-50-glo-mar-whit-177/shg-markina-olive-p1.webp
SHG MARKINA OLIVE,VIT-60120-8.50-GLO-MAR-WHIT-177,glossy 4.1.zip,glossy 4.1/SHG MARKINA OLIVE/SHG MARKINA OLIVE_P2.jpg,product,2,products/glossy/vit-60120-8-50-glo-mar-whit-177/originals/SHG MARKINA OLIVE_P2.jpg,products/glossy/vit-60120-8-50-glo-mar-whit-177/thumbnails/shg-markina-olive-p2.webp,thumbnails/vit-60120-8-50-glo-mar-whit-177/shg-markina-olive-p2.webp
SHG MARKINA OLIVE,VIT-60120-8.50-GLO-MAR-WHIT-177,glossy 4.1.zip,glossy 4.1/SHG MARKINA OLIVE/SHG MARKINA OLIVE_P3.jpg,product,3,products/glossy/vit-60120-8-50-glo-mar-whit-177/originals/SHG MARKINA OLIVE_P3.jpg,products/glossy/vit-60120-8-50-glo-mar-whit-177/thumbnails/shg-markina-olive-p3.webp,thumbnails/vit-60120-8-50-glo-mar-whit-177/shg-markina-olive-p3.webp
SHG_PLAZMA BROWN,VIT-60120-8.50-GLO-MAR-WHIT-178,glossy 4.1.zip,glossy 4.1/SHG_PLAZMA BROWN/SHG_PLAZMA BROWN_P1.jpg,product,1,products/glossy/vit-60120-8-50-glo-mar-whit-178/originals/SHG_PLAZMA BROWN_P1.jpg,products/glossy/vit-60120-8-50-glo-mar-whit-178/thumbnails/shg-plazma-brown-p1.webp,thumbnails/vit-60120-8-50-glo-mar-whit-178/shg-plazma-brown-p1.webp
SHG_PLAZMA BROWN,VIT-60120-8.50-GLO-MAR-WHIT-178,glossy 4.1.zip,glossy 4.1/SHG_PLAZMA BROWN/SHG_PLAZMA BROWN_P2.jpg,product,2,products/glossy/vit-60120-8-50-glo-mar-whit-178/originals/SHG_PLAZMA BROWN_P2.jpg,products/glossy/vit-60120-8-50-glo-mar-whit-178/thumbnails/shg-plazma-brown-p2.webp,thumbnails/vit-60120-8-50-glo-mar-whit-178/shg-plazma-brown-p2.webp
SHG_TERACON BLACK,VIT-60120-8.50-GLO-MAR-WHIT-179,glossy 4.1.zip,glossy 4.1/SHG_TERACON BLACK/SHG_TERACON BLACK P1.jpg,product,1,products/glossy/vit-60120-8-50-glo-mar-whit-179/originals/SHG_TERACON BLACK P1.jpg,products/glossy/vit-60120-8-50-glo-mar-whit-179/thumbnails/shg-teracon-black-p1.webp,thumbnails/vit-60120-8-50-glo-mar-whit-179/shg-teracon-black-p1.webp
SHG_TERACON BLACK,VIT-60120-8.50-GLO-MAR-WHIT-179,glossy 4.1.zip,glossy 4.1/SHG_TERACON BLACK/SHG_TERACON BLACK P2.jpg,product,2,products/glossy/vit-60120-8-50-glo-mar-whit-179/originals/SHG_TERACON BLACK P2.jpg,products/glossy/vit-60120-8-50-glo-mar-whit-179/thumbnails/shg-teracon-black-p2.webp,thumbnails/vit-60120-8-50-glo-mar-whit-179/shg-teracon-black-p2.webp
SHG_TERACON BLACK,VIT-60120-8.50-GLO-MAR-WHIT-179,glossy 4.1.zip,glossy 4.1/SHG_TERACON BLACK/SHG_TERACON BLACK P3.jpg,product,3,products/glossy/vit-60120-8-50-glo-mar-whit-179/originals/SHG_TERACON BLACK P3.jpg,products/glossy/vit-60120-8-50-glo-mar-whit-179/thumbnails/shg-teracon-black-p3.webp,thumbnails/vit-60120-8-50-glo-mar-whit-179/shg-teracon-black-p3.webp
SOFTY CREMA,VIT-60120-8.50-GLO-MAR-WHIT-180,glossy 4.1.zip,glossy 4.1/SOFTY CREMA/SOFTY CREMA_R1.jpg,room,1,products/glossy/vit-60120-8-50-glo-mar-whit-180/originals/SOFTY CREMA_R1.jpg,products/glossy/vit-60120-8-50-glo-mar-whit-180/thumbnails/softy-crema-r1.webp,thumbnails/vit-60120-8-50-glo-mar-whit-180/softy-crema-r1.webp
SOFTY CREMA,VIT-60120-8.50-GLO-MAR-WHIT-180,glossy 4.1.zip,glossy 4.1/SOFTY CREMA/SOFTY CREMA_R2.jpg,room,2,products/glossy/vit-60120-8-50-glo-mar-whit-180/originals/SOFTY CREMA_R2.jpg,products/glossy/vit-60120-8-50-glo-mar-whit-180/thumbnails/softy-crema-r2.webp,thumbnails/vit-60120-8-50-glo-mar-whit-180/softy-crema-r2.webp
SOFTY CREMA,VIT-60120-8.50-GLO-MAR-WHIT-180,glossy 4.1.zip,glossy 4.1/SOFTY CREMA/SOFTY CREMA_R3.jpg,room,3,products/glossy/vit-60120-8-50-glo-mar-whit-180/originals/SOFTY CREMA_R3.jpg,products/glossy/vit-60120-8-50-glo-mar-whit-180/thumbnails/softy-crema-r3.webp,thumbnails/vit-60120-8-50-glo-mar-whit-180/softy-crema-r3.webp
SOFTY CREMA,VIT-60120-8.50-GLO-MAR-WHIT-180,glossy 4.1.zip,glossy 4.1/SOFTY CREMA/SOFTY CREMA_R4.jpg,room,4,products/glossy/vit-60120-8-50-glo-mar-whit-180/originals/SOFTY CREMA_R4.jpg,products/glossy/vit-60120-8-50-glo-mar-whit-180/thumbnails/softy-crema-r4.webp,thumbnails/vit-60120-8-50-glo-mar-whit-180/softy-crema-r4.webp
SONATA MINT,VIT-60120-8.50-GLO-MAR-WHIT-181,glossy 4.1.zip,glossy 4.1/SONATA MINT/SONATA MINT_R1.jpg,room,1,products/glossy/vit-60120-8-50-glo-mar-whit-181/originals/SONATA MINT_R1.jpg,products/glossy/vit-60120-8-50-glo-mar-whit-181/thumbnails/sonata-mint-r1.webp,thumbnails/vit-60120-8-50-glo-mar-whit-181/sonata-mint-r1.webp
SONATA MINT,VIT-60120-8.50-GLO-MAR-WHIT-181,glossy 4.1.zip,glossy 4.1/SONATA MINT/SONATA MINT_R2.jpg,room,2,products/glossy/vit-60120-8-50-glo-mar-whit-181/originals/SONATA MINT_R2.jpg,products/glossy/vit-60120-8-50-glo-mar-whit-181/thumbnails/sonata-mint-r2.webp,thumbnails/vit-60120-8-50-glo-mar-whit-181/sonata-mint-r2.webp
SONATA MINT,VIT-60120-8.50-GLO-MAR-WHIT-181,glossy 4.1.zip,glossy 4.1/SONATA MINT/SONATA MINT_R3.jpg,room,3,products/glossy/vit-60120-8-50-glo-mar-whit-181/originals/SONATA MINT_R3.jpg,products/glossy/vit-60120-8-50-glo-mar-whit-181/thumbnails/sonata-mint-r3.webp,thumbnails/vit-60120-8-50-glo-mar-whit-181/sonata-mint-r3.webp
SONATA MINT,VIT-60120-8.50-GLO-MAR-WHIT-181,glossy 4.1.zip,glossy 4.1/SONATA MINT/SONATA MINT_R4.jpg,room,4,products/glossy/vit-60120-8-50-glo-mar-whit-181/originals/SONATA MINT_R4.jpg,products/glossy/vit-60120-8-50-glo-mar-whit-181/thumbnails/sonata-mint-r4.webp,thumbnails/vit-60120-8-50-glo-mar-whit-181/sonata-mint-r4.webp
SONATA MINT,VIT-60120-8.50-GLO-MAR-WHIT-181,glossy 4.1.zip,glossy 4.1/SONATA MINT/SONATA MINT_R5.jpg,room,5,products/glossy/vit-60120-8-50-glo-mar-whit-181/originals/SONATA MINT_R5.jpg,products/glossy/vit-60120-8-50-glo-mar-whit-181/thumbnails/sonata-mint-r5.webp,thumbnails/vit-60120-8-50-glo-mar-whit-181/sonata-mint-r5.webp
SONATA MINT,VIT-60120-8.50-GLO-MAR-WHIT-181,glossy 4.1.zip,glossy 4.1/SONATA MINT/SONATA MINT_R6.jpg,room,6,products/glossy/vit-60120-8-50-glo-mar-whit-181/originals/SONATA MINT_R6.jpg,products/glossy/vit-60120-8-50-glo-mar-whit-181/thumbnails/sonata-mint-r6.webp,thumbnails/vit-60120-8-50-glo-mar-whit-181/sonata-mint-r6.webp
TELTOS BEIGE,VIT-60120-8.50-GLO-MAR-WHIT-183,glossy 5.zip,glossy 5/TELTOS BEIGE/TELTOS BEIGE_P1.jpg,product,1,products/glossy/vit-60120-8-50-glo-mar-whit-183/originals/TELTOS BEIGE_P1.jpg,products/glossy/vit-60120-8-50-glo-mar-whit-183/thumbnails/teltos-beige-p1.webp,thumbnails/vit-60120-8-50-glo-mar-whit-183/teltos-beige-p1.webp
TELTOS BEIGE,VIT-60120-8.50-GLO-MAR-WHIT-183,glossy 5.zip,glossy 5/TELTOS BEIGE/TELTOS BEIGE_P2.jpg,product,2,products/glossy/vit-60120-8-50-glo-mar-whit-183/originals/TELTOS BEIGE_P2.jpg,products/glossy/vit-60120-8-50-glo-mar-whit-183/thumbnails/teltos-beige-p2.webp,thumbnails/vit-60120-8-50-glo-mar-whit-183/teltos-beige-p2.webp
TELTOS BEIGE,VIT-60120-8.50-GLO-MAR-WHIT-183,glossy 5.zip,glossy 5/TELTOS BEIGE/TELTOS BEIGE_P3.jpg,product,3,products/glossy/vit-60120-8-50-glo-mar-whit-183/originals/TELTOS BEIGE_P3.jpg,products/glossy/vit-60120-8-50-glo-mar-whit-183/thumbnails/teltos-beige-p3.webp,thumbnails/vit-60120-8-50-glo-mar-whit-183/teltos-beige-p3.webp
TELTOS BEIGE,VIT-60120-8.50-GLO-MAR-WHIT-183,glossy 5.zip,glossy 5/TELTOS BEIGE/TELTOS BEIGE_P4.jpg,product,4,products/glossy/vit-60120-8-50-glo-mar-whit-183/originals/TELTOS BEIGE_P4.jpg,products/glossy/vit-60120-8-50-glo-mar-whit-183/thumbnails/teltos-beige-p4.webp,thumbnails/vit-60120-8-50-glo-mar-whit-183/teltos-beige-p4.webp
TELTOS BROWN,VIT-60120-8.50-GLO-MAR-WHIT-184,glossy 5.zip,glossy 5/TELTOS BROWN/TELTOS BROWN P1.jpg,product,1,products/glossy/vit-60120-8-50-glo-mar-whit-184/originals/TELTOS BROWN P1.jpg,products/glossy/vit-60120-8-50-glo-mar-whit-184/thumbnails/teltos-brown-p1.webp,thumbnails/vit-60120-8-50-glo-mar-whit-184/teltos-brown-p1.webp
TELTOS BROWN,VIT-60120-8.50-GLO-MAR-WHIT-184,glossy 5.zip,glossy 5/TELTOS BROWN/TELTOS BROWN P2.jpg,product,2,products/glossy/vit-60120-8-50-glo-mar-whit-184/originals/TELTOS BROWN P2.jpg,products/glossy/vit-60120-8-50-glo-mar-whit-184/thumbnails/teltos-brown-p2.webp,thumbnails/vit-60120-8-50-glo-mar-whit-184/teltos-brown-p2.webp
TELTOS BROWN,VIT-60120-8.50-GLO-MAR-WHIT-184,glossy 5.zip,glossy 5/TELTOS BROWN/TELTOS BROWN P3.jpg,product,3,products/glossy/vit-60120-8-50-glo-mar-whit-184/originals/TELTOS BROWN P3.jpg,products/glossy/vit-60120-8-50-glo-mar-whit-184/thumbnails/teltos-brown-p3.webp,thumbnails/vit-60120-8-50-glo-mar-whit-184/teltos-brown-p3.webp
TELTOS BROWN,VIT-60120-8.50-GLO-MAR-WHIT-184,glossy 5.zip,glossy 5/TELTOS BROWN/TELTOS BROWN P4.jpg,product,4,products/glossy/vit-60120-8-50-glo-mar-whit-184/originals/TELTOS BROWN P4.jpg,products/glossy/vit-60120-8-50-glo-mar-whit-184/thumbnails/teltos-brown-p4.webp,thumbnails/vit-60120-8-50-glo-mar-whit-184/teltos-brown-p4.webp
TERACON WHITE,VIT-60120-8.50-GLO-MAR-WHIT-185,glossy 5.zip,glossy 5/TERACON WHITE/TERACON WHITE P1.jpg,product,1,products/glossy/vit-60120-8-50-glo-mar-whit-185/originals/TERACON WHITE P1.jpg,products/glossy/vit-60120-8-50-glo-mar-whit-185/thumbnails/teracon-white-p1.webp,thumbnails/vit-60120-8-50-glo-mar-whit-185/teracon-white-p1.webp
TERACON WHITE,VIT-60120-8.50-GLO-MAR-WHIT-185,glossy 5.zip,glossy 5/TERACON WHITE/TERACON WHITE P2.jpg,product,2,products/glossy/vit-60120-8-50-glo-mar-whit-185/originals/TERACON WHITE P2.jpg,products/glossy/vit-60120-8-50-glo-mar-whit-185/thumbnails/teracon-white-p2.webp,thumbnails/vit-60120-8-50-glo-mar-whit-185/teracon-white-p2.webp
TERACON WHITE,VIT-60120-8.50-GLO-MAR-WHIT-185,glossy 5.zip,glossy 5/TERACON WHITE/TERACON WHITE P3.jpg,product,3,products/glossy/vit-60120-8-50-glo-mar-whit-185/originals/TERACON WHITE P3.jpg,products/glossy/vit-60120-8-50-glo-mar-whit-185/thumbnails/teracon-white-p3.webp,thumbnails/vit-60120-8-50-glo-mar-whit-185/teracon-white-p3.webp
TESSINO PIETRA BEIGE,VIT-60120-8.50-GLO-MAR-WHIT-186,glossy 5.zip,glossy 5/TESSINO PIETRA BEIGE/TESSINO PIETRA BEIGE_R1.jpg,room,1,products/glossy/vit-60120-8-50-glo-mar-whit-186/originals/TESSINO PIETRA BEIGE_R1.jpg,products/glossy/vit-60120-8-50-glo-mar-whit-186/thumbnails/tessino-pietra-beige-r1.webp,thumbnails/vit-60120-8-50-glo-mar-whit-186/tessino-pietra-beige-r1.webp
TESSINO PIETRA BEIGE,VIT-60120-8.50-GLO-MAR-WHIT-186,glossy 5.zip,glossy 5/TESSINO PIETRA BEIGE/TESSINO PIETRA BEIGE_R2.jpg,room,2,products/glossy/vit-60120-8-50-glo-mar-whit-186/originals/TESSINO PIETRA BEIGE_R2.jpg,products/glossy/vit-60120-8-50-glo-mar-whit-186/thumbnails/tessino-pietra-beige-r2.webp,thumbnails/vit-60120-8-50-glo-mar-whit-186/tessino-pietra-beige-r2.webp
TESSINO PIETRA BEIGE,VIT-60120-8.50-GLO-MAR-WHIT-186,glossy 5.zip,glossy 5/TESSINO PIETRA BEIGE/TESSINO PIETRA BEIGE_R3.jpg,room,3,products/glossy/vit-60120-8-50-glo-mar-whit-186/originals/TESSINO PIETRA BEIGE_R3.jpg,products/glossy/vit-60120-8-50-glo-mar-whit-186/thumbnails/tessino-pietra-beige-r3.webp,thumbnails/vit-60120-8-50-glo-mar-whit-186/tessino-pietra-beige-r3.webp
TESSINO PIETRA BEIGE,VIT-60120-8.50-GLO-MAR-WHIT-186,glossy 5.zip,glossy 5/TESSINO PIETRA BEIGE/TESSINO PIETRA BEIGE_R4.jpg,room,4,products/glossy/vit-60120-8-50-glo-mar-whit-186/originals/TESSINO PIETRA BEIGE_R4.jpg,products/glossy/vit-60120-8-50-glo-mar-whit-186/thumbnails/tessino-pietra-beige-r4.webp,thumbnails/vit-60120-8-50-glo-mar-whit-186/tessino-pietra-beige-r4.webp
TESSINO PIETRA BIANCO,VIT-60120-8.50-GLO-MAR-WHIT-187,glossy 5.zip,glossy 5/TESSINO PIETRA BIANCO/TESSINO PIETRA BIANCO_R1.jpg,room,1,products/glossy/vit-60120-8-50-glo-mar-whit-187/originals/TESSINO PIETRA BIANCO_R1.jpg,products/glossy/vit-60120-8-50-glo-mar-whit-187/thumbnails/tessino-pietra-bianco-r1.webp,thumbnails/vit-60120-8-50-glo-mar-whit-187/tessino-pietra-bianco-r1.webp
TESSINO PIETRA BIANCO,VIT-60120-8.50-GLO-MAR-WHIT-187,glossy 5.zip,glossy 5/TESSINO PIETRA BIANCO/TESSINO PIETRA BIANCO_R2.jpg,room,2,products/glossy/vit-60120-8-50-glo-mar-whit-187/originals/TESSINO PIETRA BIANCO_R2.jpg,products/glossy/vit-60120-8-50-glo-mar-whit-187/thumbnails/tessino-pietra-bianco-r2.webp,thumbnails/vit-60120-8-50-glo-mar-whit-187/tessino-pietra-bianco-r2.webp
TESSINO PIETRA BIANCO,VIT-60120-8.50-GLO-MAR-WHIT-187,glossy 5.zip,glossy 5/TESSINO PIETRA BIANCO/TESSINO PIETRA BIANCO_R3.jpg,room,3,products/glossy/vit-60120-8-50-glo-mar-whit-187/originals/TESSINO PIETRA BIANCO_R3.jpg,products/glossy/vit-60120-8-50-glo-mar-whit-187/thumbnails/tessino-pietra-bianco-r3.webp,thumbnails/vit-60120-8-50-glo-mar-whit-187/tessino-pietra-bianco-r3.webp
TESSINO PIETRA BIANCO,VIT-60120-8.50-GLO-MAR-WHIT-187,glossy 5.zip,glossy 5/TESSINO PIETRA BIANCO/TESSINO PIETRA BIANCO_R4.jpg,room,4,products/glossy/vit-60120-8-50-glo-mar-whit-187/originals/TESSINO PIETRA BIANCO_R4.jpg,products/glossy/vit-60120-8-50-glo-mar-whit-187/thumbnails/tessino-pietra-bianco-r4.webp,thumbnails/vit-60120-8-50-glo-mar-whit-187/tessino-pietra-bianco-r4.webp
TESSINO PIETRA BROWN,VIT-60120-8.50-GLO-MAR-WHIT-188,glossy 5.zip,glossy 5/TESSINO PIETRA BROWN/TESSINO PIETRA BROWN_R1.jpg,room,1,products/glossy/vit-60120-8-50-glo-mar-whit-188/originals/TESSINO PIETRA BROWN_R1.jpg,products/glossy/vit-60120-8-50-glo-mar-whit-188/thumbnails/tessino-pietra-brown-r1.webp,thumbnails/vit-60120-8-50-glo-mar-whit-188/tessino-pietra-brown-r1.webp
TESSINO PIETRA BROWN,VIT-60120-8.50-GLO-MAR-WHIT-188,glossy 5.zip,glossy 5/TESSINO PIETRA BROWN/TESSINO PIETRA BROWN_R2.jpg,room,2,products/glossy/vit-60120-8-50-glo-mar-whit-188/originals/TESSINO PIETRA BROWN_R2.jpg,products/glossy/vit-60120-8-50-glo-mar-whit-188/thumbnails/tessino-pietra-brown-r2.webp,thumbnails/vit-60120-8-50-glo-mar-whit-188/tessino-pietra-brown-r2.webp
TESSINO PIETRA BROWN,VIT-60120-8.50-GLO-MAR-WHIT-188,glossy 5.zip,glossy 5/TESSINO PIETRA BROWN/TESSINO PIETRA BROWN_R3.jpg,room,3,products/glossy/vit-60120-8-50-glo-mar-whit-188/originals/TESSINO PIETRA BROWN_R3.jpg,products/glossy/vit-60120-8-50-glo-mar-whit-188/thumbnails/tessino-pietra-brown-r3.webp,thumbnails/vit-60120-8-50-glo-mar-whit-188/tessino-pietra-brown-r3.webp
TESSINO PIETRA BROWN,VIT-60120-8.50-GLO-MAR-WHIT-188,glossy 5.zip,glossy 5/TESSINO PIETRA BROWN/TESSINO PIETRA BROWN_R4.jpg,room,4,products/glossy/vit-60120-8-50-glo-mar-whit-188/originals/TESSINO PIETRA BROWN_R4.jpg,products/glossy/vit-60120-8-50-glo-mar-whit-188/thumbnails/tessino-pietra-brown-r4.webp,thumbnails/vit-60120-8-50-glo-mar-whit-188/tessino-pietra-brown-r4.webp
TESSINO PIETRA GREY,VIT-60120-8.50-GLO-MAR-WHIT-189,glossy 5.zip,glossy 5/TESSINO PIETRA GREY/TESSINO PIETRA GREY_R1.jpg,room,1,products/glossy/vit-60120-8-50-glo-mar-whit-189/originals/TESSINO PIETRA GREY_R1.jpg,products/glossy/vit-60120-8-50-glo-mar-whit-189/thumbnails/tessino-pietra-grey-r1.webp,thumbnails/vit-60120-8-50-glo-mar-whit-189/tessino-pietra-grey-r1.webp
TESSINO PIETRA GREY,VIT-60120-8.50-GLO-MAR-WHIT-189,glossy 5.zip,glossy 5/TESSINO PIETRA GREY/TESSINO PIETRA GREY_R2.jpg,room,2,products/glossy/vit-60120-8-50-glo-mar-whit-189/originals/TESSINO PIETRA GREY_R2.jpg,products/glossy/vit-60120-8-50-glo-mar-whit-189/thumbnails/tessino-pietra-grey-r2.webp,thumbnails/vit-60120-8-50-glo-mar-whit-189/tessino-pietra-grey-r2.webp
TESSINO PIETRA GREY,VIT-60120-8.50-GLO-MAR-WHIT-189,glossy 5.zip,glossy 5/TESSINO PIETRA GREY/TESSINO PIETRA GREY_R3.jpg,room,3,products/glossy/vit-60120-8-50-glo-mar-whit-189/originals/TESSINO PIETRA GREY_R3.jpg,products/glossy/vit-60120-8-50-glo-mar-whit-189/thumbnails/tessino-pietra-grey-r3.webp,thumbnails/vit-60120-8-50-glo-mar-whit-189/tessino-pietra-grey-r3.webp
TESSINO PIETRA GREY,VIT-60120-8.50-GLO-MAR-WHIT-189,glossy 5.zip,glossy 5/TESSINO PIETRA GREY/TESSINO PIETRA GREY_R4.jpg,room,4,products/glossy/vit-60120-8-50-glo-mar-whit-189/originals/TESSINO PIETRA GREY_R4.jpg,products/glossy/vit-60120-8-50-glo-mar-whit-189/thumbnails/tessino-pietra-grey-r4.webp,thumbnails/vit-60120-8-50-glo-mar-whit-189/tessino-pietra-grey-r4.webp
TOPAZ BEIGE,VIT-60120-8.50-GLO-MAR-WHIT-190,glossy 5.zip,glossy 5/TOPAZ BEIGE/TOPAZ BEIGE_P1.jpg,product,1,products/glossy/vit-60120-8-50-glo-mar-whit-190/originals/TOPAZ BEIGE_P1.jpg,products/glossy/vit-60120-8-50-glo-mar-whit-190/thumbnails/topaz-beige-p1.webp,thumbnails/vit-60120-8-50-glo-mar-whit-190/topaz-beige-p1.webp
TOPAZ BEIGE,VIT-60120-8.50-GLO-MAR-WHIT-190,glossy 5.zip,glossy 5/TOPAZ BEIGE/TOPAZ BEIGE_P2.jpg,product,2,products/glossy/vit-60120-8-50-glo-mar-whit-190/originals/TOPAZ BEIGE_P2.jpg,products/glossy/vit-60120-8-50-glo-mar-whit-190/thumbnails/topaz-beige-p2.webp,thumbnails/vit-60120-8-50-glo-mar-whit-190/topaz-beige-p2.webp
TOPAZ WHITE,VIT-60120-8.50-GLO-MAR-WHIT-191,glossy 5.zip,glossy 5/TOPAZ WHITE/TOPAZ WHITE_P1.jpg,product,1,products/glossy/vit-60120-8-50-glo-mar-whit-191/originals/TOPAZ WHITE_P1.jpg,products/glossy/vit-60120-8-50-glo-mar-whit-191/thumbnails/topaz-white-p1.webp,thumbnails/vit-60120-8-50-glo-mar-whit-191/topaz-white-p1.webp
TOPAZ WHITE,VIT-60120-8.50-GLO-MAR-WHIT-191,glossy 5.zip,glossy 5/TOPAZ WHITE/TOPAZ WHITE_P2.jpg,product,2,products/glossy/vit-60120-8-50-glo-mar-whit-191/originals/TOPAZ WHITE_P2.jpg,products/glossy/vit-60120-8-50-glo-mar-whit-191/thumbnails/topaz-white-p2.webp,thumbnails/vit-60120-8-50-glo-mar-whit-191/topaz-white-p2.webp
TRAVER GREY,VIT-60120-8.50-GLO-MAR-WHIT-192,glossy 5.zip,glossy 5/TRAVER GREY/TRAVER GREY_R1.jpg,room,1,products/glossy/vit-60120-8-50-glo-mar-whit-192/originals/TRAVER GREY_R1.jpg,products/glossy/vit-60120-8-50-glo-mar-whit-192/thumbnails/traver-grey-r1.webp,thumbnails/vit-60120-8-50-glo-mar-whit-192/traver-grey-r1.webp
TRAVER GREY,VIT-60120-8.50-GLO-MAR-WHIT-192,glossy 5.zip,glossy 5/TRAVER GREY/TRAVER GREY_R2.jpg,room,2,products/glossy/vit-60120-8-50-glo-mar-whit-192/originals/TRAVER GREY_R2.jpg,products/glossy/vit-60120-8-50-glo-mar-whit-192/thumbnails/traver-grey-r2.webp,thumbnails/vit-60120-8-50-glo-mar-whit-192/traver-grey-r2.webp
TRAVER GREY,VIT-60120-8.50-GLO-MAR-WHIT-192,glossy 5.zip,glossy 5/TRAVER GREY/TRAVER GREY_R3.jpg,room,3,products/glossy/vit-60120-8-50-glo-mar-whit-192/originals/TRAVER GREY_R3.jpg,products/glossy/vit-60120-8-50-glo-mar-whit-192/thumbnails/traver-grey-r3.webp,thumbnails/vit-60120-8-50-glo-mar-whit-192/traver-grey-r3.webp
TRAVER GREY,VIT-60120-8.50-GLO-MAR-WHIT-192,glossy 5.zip,glossy 5/TRAVER GREY/TRAVER GREY_R4.jpg,room,4,products/glossy/vit-60120-8-50-glo-mar-whit-192/originals/TRAVER GREY_R4.jpg,products/glossy/vit-60120-8-50-glo-mar-whit-192/thumbnails/traver-grey-r4.webp,thumbnails/vit-60120-8-50-glo-mar-whit-192/traver-grey-r4.webp
TRAVER IVORY,VIT-60120-8.50-GLO-MAR-WHIT-193,glossy 5.1.zip,glossy 5.1/TRAVER IVORY/TRAVER IVORY_P1.jpg,product,1,products/glossy/vit-60120-8-50-glo-mar-whit-193/originals/TRAVER IVORY_P1.jpg,products/glossy/vit-60120-8-50-glo-mar-whit-193/thumbnails/traver-ivory-p1.webp,thumbnails/vit-60120-8-50-glo-mar-whit-193/traver-ivory-p1.webp
TRAVER IVORY,VIT-60120-8.50-GLO-MAR-WHIT-193,glossy 5.1.zip,glossy 5.1/TRAVER IVORY/TRAVER IVORY_P2.jpg,product,2,products/glossy/vit-60120-8-50-glo-mar-whit-193/originals/TRAVER IVORY_P2.jpg,products/glossy/vit-60120-8-50-glo-mar-whit-193/thumbnails/traver-ivory-p2.webp,thumbnails/vit-60120-8-50-glo-mar-whit-193/traver-ivory-p2.webp
TRAVER IVORY,VIT-60120-8.50-GLO-MAR-WHIT-193,glossy 5.1.zip,glossy 5.1/TRAVER IVORY/TRAVER IVORY_P3.jpg,product,3,products/glossy/vit-60120-8-50-glo-mar-whit-193/originals/TRAVER IVORY_P3.jpg,products/glossy/vit-60120-8-50-glo-mar-whit-193/thumbnails/traver-ivory-p3.webp,thumbnails/vit-60120-8-50-glo-mar-whit-193/traver-ivory-p3.webp
TRAVER IVORY,VIT-60120-8.50-GLO-MAR-WHIT-193,glossy 5.1.zip,glossy 5.1/TRAVER IVORY/TRAVER IVORY_P4.jpg,product,4,products/glossy/vit-60120-8-50-glo-mar-whit-193/originals/TRAVER IVORY_P4.jpg,products/glossy/vit-60120-8-50-glo-mar-whit-193/thumbnails/traver-ivory-p4.webp,thumbnails/vit-60120-8-50-glo-mar-whit-193/traver-ivory-p4.webp
TRAVO BEIGE,VIT-60120-8.50-GLO-MAR-WHIT-194,glossy 5.1.zip,glossy 5.1/TRAVO BEIGE/TRAVO BEIGE (ST_4016_1)_R1.jpg,room,1,products/glossy/vit-60120-8-50-glo-mar-whit-194/originals/TRAVO BEIGE (ST_4016_1)_R1.jpg,products/glossy/vit-60120-8-50-glo-mar-whit-194/thumbnails/travo-beige-st-4016-1-r1.webp,thumbnails/vit-60120-8-50-glo-mar-whit-194/travo-beige-st-4016-1-r1.webp
TRAVO BEIGE,VIT-60120-8.50-GLO-MAR-WHIT-194,glossy 5.1.zip,glossy 5.1/TRAVO BEIGE/TRAVO BEIGE (ST_4016_1)_R2.jpg,room,2,products/glossy/vit-60120-8-50-glo-mar-whit-194/originals/TRAVO BEIGE (ST_4016_1)_R2.jpg,products/glossy/vit-60120-8-50-glo-mar-whit-194/thumbnails/travo-beige-st-4016-1-r2.webp,thumbnails/vit-60120-8-50-glo-mar-whit-194/travo-beige-st-4016-1-r2.webp
TRAVO BIANCO,VIT-60120-8.50-GLO-MAR-WHIT-195,glossy 5.1.zip,glossy 5.1/TRAVO BIANCO/TRAVO BIANCO (ST_4016_3)_R1.jpg,room,1,products/glossy/vit-60120-8-50-glo-mar-whit-195/originals/TRAVO BIANCO (ST_4016_3)_R1.jpg,products/glossy/vit-60120-8-50-glo-mar-whit-195/thumbnails/travo-bianco-st-4016-3-r1.webp,thumbnails/vit-60120-8-50-glo-mar-whit-195/travo-bianco-st-4016-3-r1.webp
TRAVO BIANCO,VIT-60120-8.50-GLO-MAR-WHIT-195,glossy 5.1.zip,glossy 5.1/TRAVO BIANCO/TRAVO BIANCO (ST_4016_3)_R2.jpg,room,2,products/glossy/vit-60120-8-50-glo-mar-whit-195/originals/TRAVO BIANCO (ST_4016_3)_R2.jpg,products/glossy/vit-60120-8-50-glo-mar-whit-195/thumbnails/travo-bianco-st-4016-3-r2.webp,thumbnails/vit-60120-8-50-glo-mar-whit-195/travo-bianco-st-4016-3-r2.webp
TRAVO BROWN,VIT-60120-8.50-GLO-MAR-WHIT-196,glossy 5.1.zip,glossy 5.1/TRAVO BROWN/TRAVO BROWN (ST_4016)_R1.jpg,room,1,products/glossy/vit-60120-8-50-glo-mar-whit-196/originals/TRAVO BROWN (ST_4016)_R1.jpg,products/glossy/vit-60120-8-50-glo-mar-whit-196/thumbnails/travo-brown-st-4016-r1.webp,thumbnails/vit-60120-8-50-glo-mar-whit-196/travo-brown-st-4016-r1.webp
TRAVO BROWN,VIT-60120-8.50-GLO-MAR-WHIT-196,glossy 5.1.zip,glossy 5.1/TRAVO BROWN/TRAVO BROWN (ST_4016)_R2.jpg,room,2,products/glossy/vit-60120-8-50-glo-mar-whit-196/originals/TRAVO BROWN (ST_4016)_R2.jpg,products/glossy/vit-60120-8-50-glo-mar-whit-196/thumbnails/travo-brown-st-4016-r2.webp,thumbnails/vit-60120-8-50-glo-mar-whit-196/travo-brown-st-4016-r2.webp
TRAVO BROWN,VIT-60120-8.50-GLO-MAR-WHIT-196,glossy 5.1.zip,glossy 5.1/TRAVO BROWN/TRAVO BROWN (ST_4016)_R3.jpg,room,3,products/glossy/vit-60120-8-50-glo-mar-whit-196/originals/TRAVO BROWN (ST_4016)_R3.jpg,products/glossy/vit-60120-8-50-glo-mar-whit-196/thumbnails/travo-brown-st-4016-r3.webp,thumbnails/vit-60120-8-50-glo-mar-whit-196/travo-brown-st-4016-r3.webp
TRAVO BROWN,VIT-60120-8.50-GLO-MAR-WHIT-196,glossy 5.1.zip,glossy 5.1/TRAVO BROWN/TRAVO BROWN (ST_4016)_R4.jpg,room,4,products/glossy/vit-60120-8-50-glo-mar-whit-196/originals/TRAVO BROWN (ST_4016)_R4.jpg,products/glossy/vit-60120-8-50-glo-mar-whit-196/thumbnails/travo-brown-st-4016-r4.webp,thumbnails/vit-60120-8-50-glo-mar-whit-196/travo-brown-st-4016-r4.webp
TRAVO BROWN,VIT-60120-8.50-GLO-MAR-WHIT-196,glossy 5.1.zip,glossy 5.1/TRAVO BROWN/TRAVO BROWN (ST_4016)_R5.jpg,room,5,products/glossy/vit-60120-8-50-glo-mar-whit-196/originals/TRAVO BROWN (ST_4016)_R5.jpg,products/glossy/vit-60120-8-50-glo-mar-whit-196/thumbnails/travo-brown-st-4016-r5.webp,thumbnails/vit-60120-8-50-glo-mar-whit-196/travo-brown-st-4016-r5.webp
TRAVO BROWN,VIT-60120-8.50-GLO-MAR-WHIT-196,glossy 5.1.zip,glossy 5.1/TRAVO BROWN/TRAVO BROWN (ST_4016)_R6.jpg,room,6,products/glossy/vit-60120-8-50-glo-mar-whit-196/originals/TRAVO BROWN (ST_4016)_R6.jpg,products/glossy/vit-60120-8-50-glo-mar-whit-196/thumbnails/travo-brown-st-4016-r6.webp,thumbnails/vit-60120-8-50-glo-mar-whit-196/travo-brown-st-4016-r6.webp
TRAVO GREY,VIT-60120-8.50-GLO-MAR-WHIT-197,glossy 5.1.zip,glossy 5.1/TRAVO GREY/TRAVO GREY_P1.jpg,product,1,products/glossy/vit-60120-8-50-glo-mar-whit-197/originals/TRAVO GREY_P1.jpg,products/glossy/vit-60120-8-50-glo-mar-whit-197/thumbnails/travo-grey-p1.webp,thumbnails/vit-60120-8-50-glo-mar-whit-197/travo-grey-p1.webp
TRAVO GREY,VIT-60120-8.50-GLO-MAR-WHIT-197,glossy 5.1.zip,glossy 5.1/TRAVO GREY/TRAVO GREY_P2.jpg,product,2,products/glossy/vit-60120-8-50-glo-mar-whit-197/originals/TRAVO GREY_P2.jpg,products/glossy/vit-60120-8-50-glo-mar-whit-197/thumbnails/travo-grey-p2.webp,thumbnails/vit-60120-8-50-glo-mar-whit-197/travo-grey-p2.webp
TRAVO GREY,VIT-60120-8.50-GLO-MAR-WHIT-197,glossy 5.1.zip,glossy 5.1/TRAVO GREY/TRAVO GREY_P3.jpg,product,3,products/glossy/vit-60120-8-50-glo-mar-whit-197/originals/TRAVO GREY_P3.jpg,products/glossy/vit-60120-8-50-glo-mar-whit-197/thumbnails/travo-grey-p3.webp,thumbnails/vit-60120-8-50-glo-mar-whit-197/travo-grey-p3.webp
TRAVO GREY,VIT-60120-8.50-GLO-MAR-WHIT-197,glossy 5.1.zip,glossy 5.1/TRAVO GREY/TRAVO GREY_P4.jpg,product,4,products/glossy/vit-60120-8-50-glo-mar-whit-197/originals/TRAVO GREY_P4.jpg,products/glossy/vit-60120-8-50-glo-mar-whit-197/thumbnails/travo-grey-p4.webp,thumbnails/vit-60120-8-50-glo-mar-whit-197/travo-grey-p4.webp
TRAVO GREY,VIT-60120-8.50-GLO-MAR-WHIT-197,glossy 5.1.zip,glossy 5.1/TRAVO GREY/TRAVO GREY_P5.jpg,product,5,products/glossy/vit-60120-8-50-glo-mar-whit-197/originals/TRAVO GREY_P5.jpg,products/glossy/vit-60120-8-50-glo-mar-whit-197/thumbnails/travo-grey-p5.webp,thumbnails/vit-60120-8-50-glo-mar-whit-197/travo-grey-p5.webp
TRAVO GREY,VIT-60120-8.50-GLO-MAR-WHIT-197,glossy 5.1.zip,glossy 5.1/TRAVO GREY/TRAVO GREY_P6.jpg,product,6,products/glossy/vit-60120-8-50-glo-mar-whit-197/originals/TRAVO GREY_P6.jpg,products/glossy/vit-60120-8-50-glo-mar-whit-197/thumbnails/travo-grey-p6.webp,thumbnails/vit-60120-8-50-glo-mar-whit-197/travo-grey-p6.webp
VELSA BEIGE,VIT-60120-8.50-GLO-MAR-WHIT-198,glossy 5.1.zip,glossy 5.1/VELSA BEIGE/VELSA BEIGE (ST_7402)_R1.jpg,room,1,products/glossy/vit-60120-8-50-glo-mar-whit-198/originals/VELSA BEIGE (ST_7402)_R1.jpg,products/glossy/vit-60120-8-50-glo-mar-whit-198/thumbnails/velsa-beige-st-7402-r1.webp,thumbnails/vit-60120-8-50-glo-mar-whit-198/velsa-beige-st-7402-r1.webp
VELSA BEIGE,VIT-60120-8.50-GLO-MAR-WHIT-198,glossy 5.1.zip,glossy 5.1/VELSA BEIGE/VELSA BEIGE (ST_7402)_R2.jpg,room,2,products/glossy/vit-60120-8-50-glo-mar-whit-198/originals/VELSA BEIGE (ST_7402)_R2.jpg,products/glossy/vit-60120-8-50-glo-mar-whit-198/thumbnails/velsa-beige-st-7402-r2.webp,thumbnails/vit-60120-8-50-glo-mar-whit-198/velsa-beige-st-7402-r2.webp
VELSA GREEN,VIT-60120-8.50-GLO-MAR-WHIT-199,glossy 5.1.zip,glossy 5.1/VELSA GREEN/VELSA GREEN_p1.jpg,product,1,products/glossy/vit-60120-8-50-glo-mar-whit-199/originals/VELSA GREEN_p1.jpg,products/glossy/vit-60120-8-50-glo-mar-whit-199/thumbnails/velsa-green-p1.webp,thumbnails/vit-60120-8-50-glo-mar-whit-199/velsa-green-p1.webp
VELSA GREEN,VIT-60120-8.50-GLO-MAR-WHIT-199,glossy 5.1.zip,glossy 5.1/VELSA GREEN/VELSA GREEN_p2.jpg,product,2,products/glossy/vit-60120-8-50-glo-mar-whit-199/originals/VELSA GREEN_p2.jpg,products/glossy/vit-60120-8-50-glo-mar-whit-199/thumbnails/velsa-green-p2.webp,thumbnails/vit-60120-8-50-glo-mar-whit-199/velsa-green-p2.webp
VELSA NATURAL,VIT-60120-8.50-GLO-MAR-WHIT-200,glossy 5.1.zip,glossy 5.1/VELSA NATURAL/VELSA NATURAL (ST_7402_1)_R1.jpg,room,1,products/glossy/vit-60120-8-50-glo-mar-whit-200/originals/VELSA NATURAL (ST_7402_1)_R1.jpg,products/glossy/vit-60120-8-50-glo-mar-whit-200/thumbnails/velsa-natural-st-7402-1-r1.webp,thumbnails/vit-60120-8-50-glo-mar-whit-200/velsa-natural-st-7402-1-r1.webp
VELSA NATURAL,VIT-60120-8.50-GLO-MAR-WHIT-200,glossy 5.1.zip,glossy 5.1/VELSA NATURAL/VELSA NATURAL (ST_7402_1)_R2.jpg,room,2,products/glossy/vit-60120-8-50-glo-mar-whit-200/originals/VELSA NATURAL (ST_7402_1)_R2.jpg,products/glossy/vit-60120-8-50-glo-mar-whit-200/thumbnails/velsa-natural-st-7402-1-r2.webp,thumbnails/vit-60120-8-50-glo-mar-whit-200/velsa-natural-st-7402-1-r2.webp
VOLTERRA BEIGE,VIT-60120-8.50-GLO-MAR-WHIT-201,glossy 5.1.zip,glossy 5.1/VOLTERRA BEIGE/VOLTERRA BEIGE_R1.jpg,room,1,products/glossy/vit-60120-8-50-glo-mar-whit-201/originals/VOLTERRA BEIGE_R1.jpg,products/glossy/vit-60120-8-50-glo-mar-whit-201/thumbnails/volterra-beige-r1.webp,thumbnails/vit-60120-8-50-glo-mar-whit-201/volterra-beige-r1.webp
VOLTERRA BEIGE,VIT-60120-8.50-GLO-MAR-WHIT-201,glossy 5.1.zip,glossy 5.1/VOLTERRA BEIGE/VOLTERRA BEIGE_R2.jpg,room,2,products/glossy/vit-60120-8-50-glo-mar-whit-201/originals/VOLTERRA BEIGE_R2.jpg,products/glossy/vit-60120-8-50-glo-mar-whit-201/thumbnails/volterra-beige-r2.webp,thumbnails/vit-60120-8-50-glo-mar-whit-201/volterra-beige-r2.webp
VOLTERRA BEIGE,VIT-60120-8.50-GLO-MAR-WHIT-201,glossy 5.1.zip,glossy 5.1/VOLTERRA BEIGE/VOLTERRA BEIGE_R3.jpg,room,3,products/glossy/vit-60120-8-50-glo-mar-whit-201/originals/VOLTERRA BEIGE_R3.jpg,products/glossy/vit-60120-8-50-glo-mar-whit-201/thumbnails/volterra-beige-r3.webp,thumbnails/vit-60120-8-50-glo-mar-whit-201/volterra-beige-r3.webp
VOLTERRA BEIGE,VIT-60120-8.50-GLO-MAR-WHIT-201,glossy 5.1.zip,glossy 5.1/VOLTERRA BEIGE/VOLTERRA BEIGE_R4.jpg,room,4,products/glossy/vit-60120-8-50-glo-mar-whit-201/originals/VOLTERRA BEIGE_R4.jpg,products/glossy/vit-60120-8-50-glo-mar-whit-201/thumbnails/volterra-beige-r4.webp,thumbnails/vit-60120-8-50-glo-mar-whit-201/volterra-beige-r4.webp
WARM BEIGE,VIT-60120-8.50-GLO-MAR-WHIT-202,glossy 5.1.zip,glossy 5.1/WARM BEIGE/WARM BEIGE (ADS_67113_A)_R1.jpg,room,1,products/glossy/vit-60120-8-50-glo-mar-whit-202/originals/WARM BEIGE (ADS_67113_A)_R1.jpg,products/glossy/vit-60120-8-50-glo-mar-whit-202/thumbnails/warm-beige-ads-67113-a-r1.webp,thumbnails/vit-60120-8-50-glo-mar-whit-202/warm-beige-ads-67113-a-r1.webp
WARM BEIGE,VIT-60120-8.50-GLO-MAR-WHIT-202,glossy 5.1.zip,glossy 5.1/WARM BEIGE/WARM BEIGE (ADS_67113_A)_R2.jpg,room,2,products/glossy/vit-60120-8-50-glo-mar-whit-202/originals/WARM BEIGE (ADS_67113_A)_R2.jpg,products/glossy/vit-60120-8-50-glo-mar-whit-202/thumbnails/warm-beige-ads-67113-a-r2.webp,thumbnails/vit-60120-8-50-glo-mar-whit-202/warm-beige-ads-67113-a-r2.webp
WARM BEIGE,VIT-60120-8.50-GLO-MAR-WHIT-202,glossy 5.1.zip,glossy 5.1/WARM BEIGE/WARM BEIGE (ADS_67113_A)_R3.jpg,room,3,products/glossy/vit-60120-8-50-glo-mar-whit-202/originals/WARM BEIGE (ADS_67113_A)_R3.jpg,products/glossy/vit-60120-8-50-glo-mar-whit-202/thumbnails/warm-beige-ads-67113-a-r3.webp,thumbnails/vit-60120-8-50-glo-mar-whit-202/warm-beige-ads-67113-a-r3.webp
WHITE RET,VIT-60120-8.50-GLO-MAR-WHIT-203,glossy 5.1.zip,glossy 5.1/WHITE RET/WHITE RET (DSI34)_R1.jpg,room,1,products/glossy/vit-60120-8-50-glo-mar-whit-203/originals/WHITE RET (DSI34)_R1.jpg,products/glossy/vit-60120-8-50-glo-mar-whit-203/thumbnails/white-ret-dsi34-r1.webp,thumbnails/vit-60120-8-50-glo-mar-whit-203/white-ret-dsi34-r1.webp
WHITE RET,VIT-60120-8.50-GLO-MAR-WHIT-203,glossy 5.1.zip,glossy 5.1/WHITE RET/WHITE RET (DSI34)_R2.jpg,room,2,products/glossy/vit-60120-8-50-glo-mar-whit-203/originals/WHITE RET (DSI34)_R2.jpg,products/glossy/vit-60120-8-50-glo-mar-whit-203/thumbnails/white-ret-dsi34-r2.webp,thumbnails/vit-60120-8-50-glo-mar-whit-203/white-ret-dsi34-r2.webp
WHITE RET,VIT-60120-8.50-GLO-MAR-WHIT-203,glossy 5.1.zip,glossy 5.1/WHITE RET/WHITE RET (DSI34)_R3.jpg,room,3,products/glossy/vit-60120-8-50-glo-mar-whit-203/originals/WHITE RET (DSI34)_R3.jpg,products/glossy/vit-60120-8-50-glo-mar-whit-203/thumbnails/white-ret-dsi34-r3.webp,thumbnails/vit-60120-8-50-glo-mar-whit-203/white-ret-dsi34-r3.webp
WHITE RET,VIT-60120-8.50-GLO-MAR-WHIT-203,glossy 5.1.zip,glossy 5.1/WHITE RET/WHITE RET (DSI34)_R4.jpg,room,4,products/glossy/vit-60120-8-50-glo-mar-whit-203/originals/WHITE RET (DSI34)_R4.jpg,products/glossy/vit-60120-8-50-glo-mar-whit-203/thumbnails/white-ret-dsi34-r4.webp,thumbnails/vit-60120-8-50-glo-mar-whit-203/white-ret-dsi34-r4.webp
